Lead ID,Name,Phone,Email,Source,Location,Lead Status,Combined Score,Category (Pitch Angle),Website,Has WhatsApp,Is Website Poor,Budget,Requirement Type,Urgency Level,Last Contacted Date,Next Follow-Up Date,Follow-Up Count,Follow-Up Notes,Preferred Contact,Stage,Assigned Salesperson,Expected Value,Probability (%),Days Since Contact,Follow-Up Priority (Auto),Reminder Flag (Auto)
L-1001,Balaji Estates,,,Maps/Web Scrape,"28-8-274, Cobaldpet, Ashok Nagar, Guntur, Andhra Pradesh 522002",New,High (100),Real estate agency,,False,True,,,High,,,0,"they need website, follow up tomorrow",Email,New,,,,"=IF(ISBLANK(P2), """", DATEDIF(P2, TODAY(), ""D""))",🔴 High,"=IF(ISBLANK(Q2), """", IF(Q2<TODAY(), ""🚨 OVERDUE"", IF(Q2=TODAY(), ""🔔 DUE TODAY"", ""✅ Scheduled"")))"
L-1002,Siribhoomi Developers Pvt Ltd,089776 76677,,Maps/Web Scrape,"Floor, 12, Door No. 6-12-67, First, 2, Arundelpet, Guntur, Andhra Pradesh 522002",New,High (100),Real estate agency,,False,True,,,High,,,0,,Phone,New,,,,"=IF(ISBLANK(P3), """", DATEDIF(P3, TODAY(), ""D""))","=IF(ISBLANK(Y3), """", IF(Y3>7, ""🔴 High"", IF(Y3>3, ""🟡 Medium"", ""🟢 Low"")))","=IF(ISBLANK(Q3), """", IF(Q3<TODAY(), ""🚨 OVERDUE"", IF(Q3=TODAY(), ""🔔 DUE TODAY"", ""✅ Scheduled"")))"
L-1003,Madhan real-estate agency,,,Maps/Web Scrape,"Lakshmipuram, Guntur, Andhra Pradesh 522002",New,High (100),Land Planning Authority,,False,True,,,High,,,0,,Email,New,,,,"=IF(ISBLANK(P4), """", DATEDIF(P4, TODAY(), ""D""))","=IF(ISBLANK(Y4), """", IF(Y4>7, ""🔴 High"", IF(Y4>3, ""🟡 Medium"", ""🟢 Low"")))","=IF(ISBLANK(Q4), """", IF(Q4<TODAY(), ""🚨 OVERDUE"", IF(Q4=TODAY(), ""🔔 DUE TODAY"", ""✅ Scheduled"")))"
L-1004,80 agraharam SP Bangla Road Akhil Bhartiya Guntur Good Shepherd Convent,,,Maps/Web Scrape,"95-21-995, Shanthi Nagar, Nagar Palem, Guntur, Andhra Pradesh 522004",New,High (100),Housing complex,,False,True,,,High,,,0,,Email,New,,,,"=IF(ISBLANK(P5), """", DATEDIF(P5, TODAY(), ""D""))","=IF(ISBLANK(Y5), """", IF(Y5>7, ""🔴 High"", IF(Y5>3, ""🟡 Medium"", ""🟢 Low"")))","=IF(ISBLANK(Q5), """", IF(Q5<TODAY(), ""🚨 OVERDUE"", IF(Q5=TODAY(), ""🔔 DUE TODAY"", ""✅ Scheduled"")))"
L-1005,A1 Realestate Guntur,,,Maps/Web Scrape,"8FFC+42X, Agatavarappadu, Andhra Pradesh 522509",New,High (100),Industrial real estate agency,,False,True,,,High,,,0,,Email,New,,,,"=IF(ISBLANK(P6), """", DATEDIF(P6, TODAY(), ""D""))","=IF(ISBLANK(Y6), """", IF(Y6>7, ""🔴 High"", IF(Y6>3, ""🟡 Medium"", ""🟢 Low"")))","=IF(ISBLANK(Q6), """", IF(Q6<TODAY(), ""🚨 OVERDUE"", IF(Q6=TODAY(), ""🔔 DUE TODAY"", ""✅ Scheduled"")))"
L-1006,RR Resorts & Developers - Real Estate Developers in Guntur,,,Maps/Web Scrape,"1st Floor, 6-16-5, Jai Krishna Bhavan, 16/3, Arundelpet, Guntur, Andhra Pradesh 522002",New,High (100),Real Estate Builders & Construction Company,,False,True,,,High,,,0,,Email,New,,,,"=IF(ISBLANK(P7), """", DATEDIF(P7, TODAY(), ""D""))","=IF(ISBLANK(Y7), """", IF(Y7>7, ""🔴 High"", IF(Y7>3, ""🟡 Medium"", ""🟢 Low"")))","=IF(ISBLANK(Q7), """", IF(Q7<TODAY(), ""🚨 OVERDUE"", IF(Q7=TODAY(), ""🔔 DUE TODAY"", ""✅ Scheduled"")))"
L-1007,K1 Real Estate Marketing (@kbn),093921 40148,,Maps/Web Scrape,"Hussain nagar1stline, Guntur - Ponnur Rd, Guntur, Andhra Pradesh 522003",New,High (100),Industrial real estate agency,,False,True,,,High,,,0,,Phone,New,,,,"=IF(ISBLANK(P8), """", DATEDIF(P8, TODAY(), ""D""))","=IF(ISBLANK(Y8), """", IF(Y8>7, ""🔴 High"", IF(Y8>3, ""🟡 Medium"", ""🟢 Low"")))","=IF(ISBLANK(Q8), """", IF(Q8<TODAY(), ""🚨 OVERDUE"", IF(Q8=TODAY(), ""🔔 DUE TODAY"", ""✅ Scheduled"")))"
L-1008,vasavi real estate consultancy,086393 16457,,Maps/Web Scrape,"130-3 Annapurna Nagar 2nd Lane, Mahatma Gandhi Inner Ring Rd, Amaravathi, Gorantla, Andhra Pradesh 522034",New,High (100),Industrial real estate agency,,False,True,,,High,,,0,,Phone,New,,,,"=IF(ISBLANK(P9), """", DATEDIF(P9, TODAY(), ""D""))","=IF(ISBLANK(Y9), """", IF(Y9>7, ""🔴 High"", IF(Y9>3, ""🟡 Medium"", ""🟢 Low"")))","=IF(ISBLANK(Q9), """", IF(Q9<TODAY(), ""🚨 OVERDUE"", IF(Q9=TODAY(), ""🔔 DUE TODAY"", ""✅ Scheduled"")))"
L-1009,Shanmukha Developers India pvt Ltd.,093930 09299,,Maps/Web Scrape,"8C4Q+GR7, 13th Ln, Arundelpet, Guntur, Andhra Pradesh 522002",New,High (100),Real estate consultant,,False,True,,,High,,,0,,Phone,New,,,,"=IF(ISBLANK(P10), """", DATEDIF(P10, TODAY(), ""D""))","=IF(ISBLANK(Y10), """", IF(Y10>7, ""🔴 High"", IF(Y10>3, ""🟡 Medium"", ""🟢 Low"")))","=IF(ISBLANK(Q10), """", IF(Q10<TODAY(), ""🚨 OVERDUE"", IF(Q10=TODAY(), ""🔔 DUE TODAY"", ""✅ Scheduled"")))"
L-1010,Capital Rental Service,090520 83555,,Maps/Web Scrape,"4, 13, Brodipet, Guntur, Andhra Pradesh 522002",New,High (100),Office space rental agency,,False,True,,,High,,,0,,Phone,New,,,,"=IF(ISBLANK(P11), """", DATEDIF(P11, TODAY(), ""D""))","=IF(ISBLANK(Y11), """", IF(Y11>7, ""🔴 High"", IF(Y11>3, ""🟡 Medium"", ""🟢 Low"")))","=IF(ISBLANK(Q11), """", IF(Q11<TODAY(), ""🚨 OVERDUE"", IF(Q11=TODAY(), ""🔔 DUE TODAY"", ""✅ Scheduled"")))"
L-1011,SR IMAGE ESTATE,0863 663 4566,,Maps/Web Scrape,"1st Floor, Dr.No: 6-11-16, 11/2, Arundelpet, Guntur, Andhra Pradesh 522002",New,High (100),Real estate developer,,False,True,,,High,,,0,,Phone,New,,,,"=IF(ISBLANK(P12), """", DATEDIF(P12, TODAY(), ""D""))","=IF(ISBLANK(Y12), """", IF(Y12>7, ""🔴 High"", IF(Y12>3, ""🟡 Medium"", ""🟢 Low"")))","=IF(ISBLANK(Q12), """", IF(Q12<TODAY(), ""🚨 OVERDUE"", IF(Q12=TODAY(), ""🔔 DUE TODAY"", ""✅ Scheduled"")))"
L-1012,KMR Residency,099857 14222,,Maps/Web Scrape,"KMR residency, ankamma nagar, 26-36-99, 2nd Line, Nagarampalem, Guntur, Andhra Pradesh 522004",New,High (100),Apartment building,,False,True,,,High,,,0,,Phone,New,,,,"=IF(ISBLANK(P13), """", DATEDIF(P13, TODAY(), ""D""))","=IF(ISBLANK(Y13), """", IF(Y13>7, ""🔴 High"", IF(Y13>3, ""🟡 Medium"", ""🟢 Low"")))","=IF(ISBLANK(Q13), """", IF(Q13<TODAY(), ""🚨 OVERDUE"", IF(Q13=TODAY(), ""🔔 DUE TODAY"", ""✅ Scheduled"")))"
L-1013,Royal Portraits Photography Studio,063025 88832,,Maps/Web Scrape,"4th Line, AT Agraharam Road, beside Ravi Hospital, opposite to The Andhra Pradesh Co-Operative Bank, Ananda Theertha Agraharam, Guntur, Andhra Pradesh 522004",New,High (100),Photography studio,,False,True,,,High,,,0,,Phone,New,,,,"=IF(ISBLANK(P14), """", DATEDIF(P14, TODAY(), ""D""))","=IF(ISBLANK(Y14), """", IF(Y14>7, ""🔴 High"", IF(Y14>3, ""🟡 Medium"", ""🟢 Low"")))","=IF(ISBLANK(Q14), """", IF(Q14<TODAY(), ""🚨 OVERDUE"", IF(Q14=TODAY(), ""🔔 DUE TODAY"", ""✅ Scheduled"")))"
L-1014,Guntur Dadi ka Ghar,,,Maps/Web Scrape,"FJJ6+G82, Tadepalle, Nagarampalem, Guntur, Andhra Pradesh 522004",New,High (100),Housing complex,,False,True,,,High,,,0,,Email,New,,,,"=IF(ISBLANK(P15), """", DATEDIF(P15, TODAY(), ""D""))","=IF(ISBLANK(Y15), """", IF(Y15>7, ""🔴 High"", IF(Y15>3, ""🟡 Medium"", ""🟢 Low"")))","=IF(ISBLANK(Q15), """", IF(Q15<TODAY(), ""🚨 OVERDUE"", IF(Q15=TODAY(), ""🔔 DUE TODAY"", ""✅ Scheduled"")))"
L-1015,Park Real Estate Office,,,Maps/Web Scrape,"130-251, Ravi Nagar, Gorantla, Andhra Pradesh 522034",New,High (100),Real estate agency,,False,True,,,High,,,0,,Email,New,,,,"=IF(ISBLANK(P16), """", DATEDIF(P16, TODAY(), ""D""))","=IF(ISBLANK(Y16), """", IF(Y16>7, ""🔴 High"", IF(Y16>3, ""🟡 Medium"", ""🟢 Low"")))","=IF(ISBLANK(Q16), """", IF(Q16<TODAY(), ""🚨 OVERDUE"", IF(Q16=TODAY(), ""🔔 DUE TODAY"", ""✅ Scheduled"")))"
L-1016,Sri Varahi Real Estate,,,Maps/Web Scrape,"125-15-725, Ravinagar, Gorantla, Guntur, Gorantla, Andhra Pradesh 522034",New,High (100),Real Estate Builders & Construction Company,,False,True,,,High,,,0,,Email,New,,,,"=IF(ISBLANK(P17), """", DATEDIF(P17, TODAY(), ""D""))","=IF(ISBLANK(Y17), """", IF(Y17>7, ""🔴 High"", IF(Y17>3, ""🟡 Medium"", ""🟢 Low"")))","=IF(ISBLANK(Q17), """", IF(Q17<TODAY(), ""🚨 OVERDUE"", IF(Q17=TODAY(), ""🔔 DUE TODAY"", ""✅ Scheduled"")))"
L-1017,Aruna bava house guntur,,,Maps/Web Scrape,"101, 3rd Ln, Ravindra Nagar, Pattabhipuram, Guntur, Andhra Pradesh 522006",New,High (100),Apartment building,,False,True,,,High,,,0,,Email,New,,,,"=IF(ISBLANK(P18), """", DATEDIF(P18, TODAY(), ""D""))","=IF(ISBLANK(Y18), """", IF(Y18>7, ""🔴 High"", IF(Y18>3, ""🟡 Medium"", ""🟢 Low"")))","=IF(ISBLANK(Q18), """", IF(Q18<TODAY(), ""🚨 OVERDUE"", IF(Q18=TODAY(), ""🔔 DUE TODAY"", ""✅ Scheduled"")))"
L-1018,KALLEM MOHAN HOME GUNTUR,,,Maps/Web Scrape,"13, 2nd Line, Ananda Theertha Agraharam, Guntur, Andhra Pradesh 522004",New,High (100),Housing complex,,False,True,,,High,,,0,,Email,New,,,,"=IF(ISBLANK(P19), """", DATEDIF(P19, TODAY(), ""D""))","=IF(ISBLANK(Y19), """", IF(Y19>7, ""🔴 High"", IF(Y19>3, ""🟡 Medium"", ""🟢 Low"")))","=IF(ISBLANK(Q19), """", IF(Q19<TODAY(), ""🚨 OVERDUE"", IF(Q19=TODAY(), ""🔔 DUE TODAY"", ""✅ Scheduled"")))"
L-1019,Meenakshi Villas,,,Maps/Web Scrape,"8C27+6WP, Ananda Theertha Agraharam, Guntur, Andhra Pradesh 522004",New,High (100),Housing complex,,False,True,,,High,,,0,,Email,New,,,,"=IF(ISBLANK(P20), """", DATEDIF(P20, TODAY(), ""D""))","=IF(ISBLANK(Y20), """", IF(Y20>7, ""🔴 High"", IF(Y20>3, ""🟡 Medium"", ""🟢 Low"")))","=IF(ISBLANK(Q20), """", IF(Q20<TODAY(), ""🚨 OVERDUE"", IF(Q20=TODAY(), ""🔔 DUE TODAY"", ""✅ Scheduled"")))"
L-1020,Home Guntur,,,Maps/Web Scrape,"7CPF+C75, R Agraharam, Guntur, Andhra Pradesh 522004",New,High (100),Housing society,,False,True,,,High,,,0,,Email,New,,,,"=IF(ISBLANK(P21), """", DATEDIF(P21, TODAY(), ""D""))","=IF(ISBLANK(Y21), """", IF(Y21>7, ""🔴 High"", IF(Y21>3, ""🟡 Medium"", ""🟢 Low"")))","=IF(ISBLANK(Q21), """", IF(Q21<TODAY(), ""🚨 OVERDUE"", IF(Q21=TODAY(), ""🔔 DUE TODAY"", ""✅ Scheduled"")))"
L-1021,Santhi nagar 7th line guntur,,,Maps/Web Scrape,"0pp Agraharam11th, D. no 26-20-46, 7th line, Shanthi Nagar, Nagarampalem, Guntur, Andhra Pradesh 522004",New,High (100),Housing complex,,False,True,,,High,,,0,,Email,New,,,,"=IF(ISBLANK(P22), """", DATEDIF(P22, TODAY(), ""D""))","=IF(ISBLANK(Y22), """", IF(Y22>7, ""🔴 High"", IF(Y22>3, ""🟡 Medium"", ""🟢 Low"")))","=IF(ISBLANK(Q22), """", IF(Q22<TODAY(), ""🚨 OVERDUE"", IF(Q22=TODAY(), ""🔔 DUE TODAY"", ""✅ Scheduled"")))"
L-1022,Kanakaduraga Real Estate & Consultancy,099899 18327,,Maps/Web Scrape,"JKC College Rd, near RTO Office Road, beside indian petrol bunk, Swarnabharathi Nagar, Peda Palakaluru, Andhra Pradesh 522006",New,High (100),Industrial real estate agency,,False,True,,,High,,,0,,Phone,New,,,,"=IF(ISBLANK(P23), """", DATEDIF(P23, TODAY(), ""D""))","=IF(ISBLANK(Y23), """", IF(Y23>7, ""🔴 High"", IF(Y23>3, ""🟡 Medium"", ""🟢 Low"")))","=IF(ISBLANK(Q23), """", IF(Q23<TODAY(), ""🚨 OVERDUE"", IF(Q23=TODAY(), ""🔔 DUE TODAY"", ""✅ Scheduled"")))"
L-1023,Swarna Arcade,,,Maps/Web Scrape,"8C3M+MM7, 6th Ln, Brodipet, Guntur, Andhra Pradesh 522002",New,High (100),Apartments,,False,True,,,High,,,0,,Email,New,,,,"=IF(ISBLANK(P24), """", DATEDIF(P24, TODAY(), ""D""))","=IF(ISBLANK(Y24), """", IF(Y24>7, ""🔴 High"", IF(Y24>3, ""🟡 Medium"", ""🟢 Low"")))","=IF(ISBLANK(Q24), """", IF(Q24<TODAY(), ""🚨 OVERDUE"", IF(Q24=TODAY(), ""🔔 DUE TODAY"", ""✅ Scheduled"")))"
L-1024,"Adharapurapu Homes,1st lane,14th cross road, brodipet, guntur",,,Maps/Web Scrape,"8C2J+F6P, 1st Ln, 14th cross, Brodipet, Guntur, Andhra Pradesh 522002",New,High (100),Apartment building,,False,True,,,High,,,0,,Email,New,,,,"=IF(ISBLANK(P25), """", DATEDIF(P25, TODAY(), ""D""))","=IF(ISBLANK(Y25), """", IF(Y25>7, ""🔴 High"", IF(Y25>3, ""🟡 Medium"", ""🟢 Low"")))","=IF(ISBLANK(Q25), """", IF(Q25<TODAY(), ""🚨 OVERDUE"", IF(Q25=TODAY(), ""🔔 DUE TODAY"", ""✅ Scheduled"")))"
L-1025,Teachers Enclave,094903 42864,,Maps/Web Scrape,"behind DIG's bungalow,opp 14th line, A.T.4, Ananda Theertha Agraharam, Guntur, Andhra Pradesh 522004",New,High (100),Apartment complex,,False,True,,,High,,,0,,Phone,New,,,,"=IF(ISBLANK(P26), """", DATEDIF(P26, TODAY(), ""D""))","=IF(ISBLANK(Y26), """", IF(Y26>7, ""🔴 High"", IF(Y26>3, ""🟡 Medium"", ""🟢 Low"")))","=IF(ISBLANK(Q26), """", IF(Q26<TODAY(), ""🚨 OVERDUE"", IF(Q26=TODAY(), ""🔔 DUE TODAY"", ""✅ Scheduled"")))"
L-1026,Sri Lakshmi Durga Realestate,099665 51282,,Maps/Web Scrape,"97b, Venkateswara Colony Rd, Gorantla, Andhra Pradesh 522034",New,High (100),Real Estate Builders & Construction Company,,False,True,,,High,,,0,,Phone,New,,,,"=IF(ISBLANK(P27), """", DATEDIF(P27, TODAY(), ""D""))","=IF(ISBLANK(Y27), """", IF(Y27>7, ""🔴 High"", IF(Y27>3, ""🟡 Medium"", ""🟢 Low"")))","=IF(ISBLANK(Q27), """", IF(Q27<TODAY(), ""🚨 OVERDUE"", IF(Q27=TODAY(), ""🔔 DUE TODAY"", ""✅ Scheduled"")))"
L-1027,Sri Subhodaya Estates,0863 320 9911,,Maps/Web Scrape,"1st floor, # 6-13-39/1, 13/1, Arundelpet, Guntur, Andhra Pradesh 522002",New,High (100),Real estate agent,,False,True,,,High,,,0,,Phone,New,,,,"=IF(ISBLANK(P28), """", DATEDIF(P28, TODAY(), ""D""))","=IF(ISBLANK(Y28), """", IF(Y28>7, ""🔴 High"", IF(Y28>3, ""🟡 Medium"", ""🟢 Low"")))","=IF(ISBLANK(Q28), """", IF(Q28<TODAY(), ""🚨 OVERDUE"", IF(Q28=TODAY(), ""🔔 DUE TODAY"", ""✅ Scheduled"")))"
L-1028,Nischal Real Estate,098497 15802,,Maps/Web Scrape,"5-50-33/A, 6/14 St, Pandaripuram, Brodipet, Guntur, Andhra Pradesh 522002",New,High (100),Real Estate Builders & Construction Company,,False,True,,,High,,,0,,Phone,New,,,,"=IF(ISBLANK(P29), """", DATEDIF(P29, TODAY(), ""D""))","=IF(ISBLANK(Y29), """", IF(Y29>7, ""🔴 High"", IF(Y29>3, ""🟡 Medium"", ""🟢 Low"")))","=IF(ISBLANK(Q29), """", IF(Q29<TODAY(), ""🚨 OVERDUE"", IF(Q29=TODAY(), ""🔔 DUE TODAY"", ""✅ Scheduled"")))"
L-1029,NMR REAL ESTATE SOLUTIONS,,,Maps/Web Scrape,"14/1, Arundelpet, Guntur, Andhra Pradesh 522002",New,High (100),Industrial real estate agency,,False,True,,,High,,,0,,Email,New,,,,"=IF(ISBLANK(P30), """", DATEDIF(P30, TODAY(), ""D""))","=IF(ISBLANK(Y30), """", IF(Y30>7, ""🔴 High"", IF(Y30>3, ""🟡 Medium"", ""🟢 Low"")))","=IF(ISBLANK(Q30), """", IF(Q30<TODAY(), ""🚨 OVERDUE"", IF(Q30=TODAY(), ""🔔 DUE TODAY"", ""✅ Scheduled"")))"
L-1030,V infra Realestate promotion,,,Maps/Web Scrape,"Mahatma Gandhi Inner Ring Rd, Gorantla, Andhra Pradesh 522034",New,High (100),Real Estate Builders & Construction Company,,False,True,,,High,,,0,,Email,New,,,,"=IF(ISBLANK(P31), """", DATEDIF(P31, TODAY(), ""D""))","=IF(ISBLANK(Y31), """", IF(Y31>7, ""🔴 High"", IF(Y31>3, ""🟡 Medium"", ""🟢 Low"")))","=IF(ISBLANK(Q31), """", IF(Q31<TODAY(), ""🚨 OVERDUE"", IF(Q31=TODAY(), ""🔔 DUE TODAY"", ""✅ Scheduled"")))"
L-1031,Sri Jhanvika Real-Estate,,,Maps/Web Scrape,"Door No, 3/1, Amaravathi Rd, Brodipet, Guntur, Andhra Pradesh 522002",New,High (100),Real estate agency,,False,True,,,High,,,0,,Email,New,,,,"=IF(ISBLANK(P32), """", DATEDIF(P32, TODAY(), ""D""))","=IF(ISBLANK(Y32), """", IF(Y32>7, ""🔴 High"", IF(Y32>3, ""🟡 Medium"", ""🟢 Low"")))","=IF(ISBLANK(Q32), """", IF(Q32<TODAY(), ""🚨 OVERDUE"", IF(Q32=TODAY(), ""🔔 DUE TODAY"", ""✅ Scheduled"")))"
L-1032,"Whitefield Apartments, Brodipet, Guntur",,,Maps/Web Scrape,"6/20, Brodipet 21st Cross Rd, Pandaripuram, Ashok Nagar, Guntur, Andhra Pradesh 522002",New,High (100),Apartment building,,False,True,,,High,,,0,,Email,New,,,,"=IF(ISBLANK(P33), """", DATEDIF(P33, TODAY(), ""D""))","=IF(ISBLANK(Y33), """", IF(Y33>7, ""🔴 High"", IF(Y33>3, ""🟡 Medium"", ""🟢 Low"")))","=IF(ISBLANK(Q33), """", IF(Q33<TODAY(), ""🚨 OVERDUE"", IF(Q33=TODAY(), ""🔔 DUE TODAY"", ""✅ Scheduled"")))"
L-1033,Guntur Real Estate,091608 62839,,Maps/Web Scrape,"D.No 4-16-571, 18/2, Arundelpet, Guntur, Andhra Pradesh 522002",New,High (100),,,False,True,,,High,,,0,,Phone,New,,,,"=IF(ISBLANK(P34), """", DATEDIF(P34, TODAY(), ""D""))","=IF(ISBLANK(Y34), """", IF(Y34>7, ""🔴 High"", IF(Y34>3, ""🟡 Medium"", ""🟢 Low"")))","=IF(ISBLANK(Q34), """", IF(Q34<TODAY(), ""🚨 OVERDUE"", IF(Q34=TODAY(), ""🔔 DUE TODAY"", ""✅ Scheduled"")))"
L-1034,"Hemasreya grand apartment,3rd line,svn colony,guntur.",,,Maps/Web Scrape,"Hemasreya apartment, 3rd line, svn colony, Guntur, Andhra Pradesh 522006",New,High (100),Apartment building,,False,True,,,High,,,0,,Email,New,,,,"=IF(ISBLANK(P35), """", DATEDIF(P35, TODAY(), ""D""))","=IF(ISBLANK(Y35), """", IF(Y35>7, ""🔴 High"", IF(Y35>3, ""🟡 Medium"", ""🟢 Low"")))","=IF(ISBLANK(Q35), """", IF(Q35<TODAY(), ""🚨 OVERDUE"", IF(Q35=TODAY(), ""🔔 DUE TODAY"", ""✅ Scheduled"")))"
L-1035,"Phani Patri Narasimha Rao, Guntur",,,Maps/Web Scrape,"1-22, 12th Cross Rd, Brodipet, Guntur, Andhra Pradesh 522002",New,High (100),Housing complex,,False,True,,,High,,,0,,Email,New,,,,"=IF(ISBLANK(P36), """", DATEDIF(P36, TODAY(), ""D""))","=IF(ISBLANK(Y36), """", IF(Y36>7, ""🔴 High"", IF(Y36>3, ""🟡 Medium"", ""🟢 Low"")))","=IF(ISBLANK(Q36), """", IF(Q36<TODAY(), ""🚨 OVERDUE"", IF(Q36=TODAY(), ""🔔 DUE TODAY"", ""✅ Scheduled"")))"
L-1036,Pachava lokesh home (guntur),,,Maps/Web Scrape,"7CX8+97M, Rami Reddy Nagar, Ananda Theertha Agraharam, Guntur, Andhra Pradesh 522004",New,High (100),Housing complex,,False,True,,,High,,,0,,Email,New,,,,"=IF(ISBLANK(P37), """", DATEDIF(P37, TODAY(), ""D""))","=IF(ISBLANK(Y37), """", IF(Y37>7, ""🔴 High"", IF(Y37>3, ""🟡 Medium"", ""🟢 Low"")))","=IF(ISBLANK(Q37), """", IF(Q37<TODAY(), ""🚨 OVERDUE"", IF(Q37=TODAY(), ""🔔 DUE TODAY"", ""✅ Scheduled"")))"
L-1037,Guntur Andhra Pradesh,,,Maps/Web Scrape,"8C7G+6V4, Chandramouli Nagar, Guntur, Andhra Pradesh 522007",New,High (100),Apartment building,,False,True,,,High,,,0,,Email,New,,,,"=IF(ISBLANK(P38), """", DATEDIF(P38, TODAY(), ""D""))","=IF(ISBLANK(Y38), """", IF(Y38>7, ""🔴 High"", IF(Y38>3, ""🟡 Medium"", ""🟢 Low"")))","=IF(ISBLANK(Q38), """", IF(Q38<TODAY(), ""🚨 OVERDUE"", IF(Q38=TODAY(), ""🔔 DUE TODAY"", ""✅ Scheduled"")))"
L-1038,Chithanyapuri Guntur,,,Maps/Web Scrape,"8C4P+MJ7, Naidupet, Guntur, Andhra Pradesh 522002",New,High (100),Housing complex,,False,True,,,High,,,0,,Email,New,,,,"=IF(ISBLANK(P39), """", DATEDIF(P39, TODAY(), ""D""))","=IF(ISBLANK(Y39), """", IF(Y39>7, ""🔴 High"", IF(Y39>3, ""🟡 Medium"", ""🟢 Low"")))","=IF(ISBLANK(Q39), """", IF(Q39<TODAY(), ""🚨 OVERDUE"", IF(Q39=TODAY(), ""🔔 DUE TODAY"", ""✅ Scheduled"")))"
L-1039,Dhanush guntur home,,,Maps/Web Scrape,"624-625, 1st Lane,krishna Nagar, Krishna Nagar, Guntur, Andhra Pradesh 522006",New,High (100),Apartment building,,False,True,,,High,,,0,,Email,New,,,,"=IF(ISBLANK(P40), """", DATEDIF(P40, TODAY(), ""D""))","=IF(ISBLANK(Y40), """", IF(Y40>7, ""🔴 High"", IF(Y40>3, ""🟡 Medium"", ""🟢 Low"")))","=IF(ISBLANK(Q40), """", IF(Q40<TODAY(), ""🚨 OVERDUE"", IF(Q40=TODAY(), ""🔔 DUE TODAY"", ""✅ Scheduled"")))"
L-1040,Sai nandan apartment,,,Maps/Web Scrape,"26, 10th Line, Ananda Theertha Agraharam, Guntur, Andhra Pradesh 522004",New,High (100),Apartment building,,False,True,,,High,,,0,,Email,New,,,,"=IF(ISBLANK(P41), """", DATEDIF(P41, TODAY(), ""D""))","=IF(ISBLANK(Y41), """", IF(Y41>7, ""🔴 High"", IF(Y41>3, ""🟡 Medium"", ""🟢 Low"")))","=IF(ISBLANK(Q41), """", IF(Q41<TODAY(), ""🚨 OVERDUE"", IF(Q41=TODAY(), ""🔔 DUE TODAY"", ""✅ Scheduled"")))"
L-1041,4 Square Land Surveyors,090140 43060,,Maps/Web Scrape,"d.no. 5, upstairs of bharati x-ray, 4/17, 37-145, Brodipet, Guntur, Andhra Pradesh 522002",New,High (100),Land surveyor,,False,True,,,High,,,0,,Phone,New,,,,"=IF(ISBLANK(P42), """", DATEDIF(P42, TODAY(), ""D""))","=IF(ISBLANK(Y42), """", IF(Y42>7, ""🔴 High"", IF(Y42>3, ""🟡 Medium"", ""🟢 Low"")))","=IF(ISBLANK(Q42), """", IF(Q42<TODAY(), ""🚨 OVERDUE"", IF(Q42=TODAY(), ""🔔 DUE TODAY"", ""✅ Scheduled"")))"
L-1042,Guntur home,,,Maps/Web Scrape,"8C6J+8C4, Lakshmipuram, Ashok Nagar, Guntur, Andhra Pradesh 522007",New,High (100),Apartment building,,False,True,,,High,,,0,,Email,New,,,,"=IF(ISBLANK(P43), """", DATEDIF(P43, TODAY(), ""D""))","=IF(ISBLANK(Y43), """", IF(Y43>7, ""🔴 High"", IF(Y43>3, ""🟡 Medium"", ""🟢 Low"")))","=IF(ISBLANK(Q43), """", IF(Q43<TODAY(), ""🚨 OVERDUE"", IF(Q43=TODAY(), ""🔔 DUE TODAY"", ""✅ Scheduled"")))"
L-1043,Venkateswara Estates,,,Maps/Web Scrape,"Nirmalaconvent Back Side, Mahaboobnagar, Ananda Theertha Agraharam, Guntur, Andhra Pradesh 522004",New,High (100),Real estate agency,,False,True,,,High,,,0,,Email,New,,,,"=IF(ISBLANK(P44), """", DATEDIF(P44, TODAY(), ""D""))","=IF(ISBLANK(Y44), """", IF(Y44>7, ""🔴 High"", IF(Y44>3, ""🟡 Medium"", ""🟢 Low"")))","=IF(ISBLANK(Q44), """", IF(Q44<TODAY(), ""🚨 OVERDUE"", IF(Q44=TODAY(), ""🔔 DUE TODAY"", ""✅ Scheduled"")))"
L-1044,Seelam nilayam guntur,,,Maps/Web Scrape,"26-20-276, 9th Line, Sivaram Nagar, Nagarampalem, Guntur, Andhra Pradesh 522004",New,High (100),Housing society,,False,True,,,High,,,0,,Email,New,,,,"=IF(ISBLANK(P45), """", DATEDIF(P45, TODAY(), ""D""))","=IF(ISBLANK(Y45), """", IF(Y45>7, ""🔴 High"", IF(Y45>3, ""🟡 Medium"", ""🟢 Low"")))","=IF(ISBLANK(Q45), """", IF(Q45<TODAY(), ""🚨 OVERDUE"", IF(Q45=TODAY(), ""🔔 DUE TODAY"", ""✅ Scheduled"")))"
L-1045,Guntur,,,Maps/Web Scrape,"8C29+4F4, Sri Ram Nagar, Ananda Theertha Agraharam, Guntur, Andhra Pradesh 522004",New,High (100),Housing society,,False,True,,,High,,,0,,Email,New,,,,"=IF(ISBLANK(P46), """", DATEDIF(P46, TODAY(), ""D""))","=IF(ISBLANK(Y46), """", IF(Y46>7, ""🔴 High"", IF(Y46>3, ""🟡 Medium"", ""🟢 Low"")))","=IF(ISBLANK(Q46), """", IF(Q46<TODAY(), ""🚨 OVERDUE"", IF(Q46=TODAY(), ""🔔 DUE TODAY"", ""✅ Scheduled"")))"
L-1046,Guntur House,,,Maps/Web Scrape,"7/8, 3-29, Rami Reddy Nagar Main Rd, Ananda Theertha Agraharam, Guntur, Andhra Pradesh 522004",New,High (100),Apartment building,,False,True,,,High,,,0,,Email,New,,,,"=IF(ISBLANK(P47), """", DATEDIF(P47, TODAY(), ""D""))","=IF(ISBLANK(Y47), """", IF(Y47>7, ""🔴 High"", IF(Y47>3, ""🟡 Medium"", ""🟢 Low"")))","=IF(ISBLANK(Q47), """", IF(Q47<TODAY(), ""🚨 OVERDUE"", IF(Q47=TODAY(), ""🔔 DUE TODAY"", ""✅ Scheduled"")))"
L-1047,Kasturi Guntur,,,Maps/Web Scrape,"8C5C+5JH, 1st Ln, Krishna Nagar, Guntur, Andhra Pradesh 522006",New,High (100),Housing complex,,False,True,,,High,,,0,,Email,New,,,,"=IF(ISBLANK(P48), """", DATEDIF(P48, TODAY(), ""D""))","=IF(ISBLANK(Y48), """", IF(Y48>7, ""🔴 High"", IF(Y48>3, ""🟡 Medium"", ""🟢 Low"")))","=IF(ISBLANK(Q48), """", IF(Q48<TODAY(), ""🚨 OVERDUE"", IF(Q48=TODAY(), ""🔔 DUE TODAY"", ""✅ Scheduled"")))"
L-1048,CHAKRI DRDA GUNTUR,,,Maps/Web Scrape,"85-4-335, 2nd Line, Kodanda Ramaiah Nagar, KVP Colony, Guntur, Andhra Pradesh 522004",New,High (100),Housing complex,,False,True,,,High,,,0,,Email,New,,,,"=IF(ISBLANK(P49), """", DATEDIF(P49, TODAY(), ""D""))","=IF(ISBLANK(Y49), """", IF(Y49>7, ""🔴 High"", IF(Y49>3, ""🟡 Medium"", ""🟢 Low"")))","=IF(ISBLANK(Q49), """", IF(Q49<TODAY(), ""🚨 OVERDUE"", IF(Q49=TODAY(), ""🔔 DUE TODAY"", ""✅ Scheduled"")))"
L-1049,Janu Home Guntur,,,Maps/Web Scrape,"92-6-422, Sri Ram Nagar, Ramireddy Reddy Nagar, Ananda Theertha Agraharam, Guntur, Andhra Pradesh 522004",New,High (100),Apartment building,,False,True,,,High,,,0,,Email,New,,,,"=IF(ISBLANK(P50), """", DATEDIF(P50, TODAY(), ""D""))","=IF(ISBLANK(Y50), """", IF(Y50>7, ""🔴 High"", IF(Y50>3, ""🟡 Medium"", ""🟢 Low"")))","=IF(ISBLANK(Q50), """", IF(Q50<TODAY(), ""🚨 OVERDUE"", IF(Q50=TODAY(), ""🔔 DUE TODAY"", ""✅ Scheduled"")))"
L-1050,"Aaditri's Elite Site ,Guntur, Andhra Pradesh",,,Maps/Web Scrape,"8CMG+PX7, Guntur, Gorantla, Andhra Pradesh 522034",New,High (100),Apartment building,,False,True,,,High,,,0,,Email,New,,,,"=IF(ISBLANK(P51), """", DATEDIF(P51, TODAY(), ""D""))","=IF(ISBLANK(Y51), """", IF(Y51>7, ""🔴 High"", IF(Y51>3, ""🟡 Medium"", ""🟢 Low"")))","=IF(ISBLANK(Q51), """", IF(Q51<TODAY(), ""🚨 OVERDUE"", IF(Q51=TODAY(), ""🔔 DUE TODAY"", ""✅ Scheduled"")))"
L-1051,Vijaya house guntur,,,Maps/Web Scrape,"7CQM+XGM, Srinivasarao Pet, Guntur, Andhra Pradesh 522004",New,High (100),Apartment building,,False,True,,,High,,,0,,Email,New,,,,"=IF(ISBLANK(P52), """", DATEDIF(P52, TODAY(), ""D""))","=IF(ISBLANK(Y52), """", IF(Y52>7, ""🔴 High"", IF(Y52>3, ""🟡 Medium"", ""🟢 Low"")))","=IF(ISBLANK(Q52), """", IF(Q52<TODAY(), ""🚨 OVERDUE"", IF(Q52=TODAY(), ""🔔 DUE TODAY"", ""✅ Scheduled"")))"
L-1052,Guntur plot 1275,,,Maps/Web Scrape,"8C4P+MJ7, Naidupet, Guntur, Andhra Pradesh 522002",New,High (100),Apartment complex,,False,True,,,High,,,0,,Email,New,,,,"=IF(ISBLANK(P53), """", DATEDIF(P53, TODAY(), ""D""))","=IF(ISBLANK(Y53), """", IF(Y53>7, ""🔴 High"", IF(Y53>3, ""🟡 Medium"", ""🟢 Low"")))","=IF(ISBLANK(Q53), """", IF(Q53<TODAY(), ""🚨 OVERDUE"", IF(Q53=TODAY(), ""🔔 DUE TODAY"", ""✅ Scheduled"")))"
L-1053,Thanu Sri Real Estate Office,,,Maps/Web Scrape,"9C5P+4JH, Gorantla, Andhra Pradesh 522034",New,High (100),Real Estate Builders & Construction Company,,False,True,,,High,,,0,,Email,New,,,,"=IF(ISBLANK(P54), """", DATEDIF(P54, TODAY(), ""D""))","=IF(ISBLANK(Y54), """", IF(Y54>7, ""🔴 High"", IF(Y54>3, ""🟡 Medium"", ""🟢 Low"")))","=IF(ISBLANK(Q54), """", IF(Q54<TODAY(), ""🚨 OVERDUE"", IF(Q54=TODAY(), ""🔔 DUE TODAY"", ""✅ Scheduled"")))"
L-1054,Guntur attammma,,,Maps/Web Scrape,"456, NTR St, Krishna Nagar, Guntur, Andhra Pradesh 522006",New,High (100),Apartment building,,False,True,,,High,,,0,,Email,New,,,,"=IF(ISBLANK(P55), """", DATEDIF(P55, TODAY(), ""D""))","=IF(ISBLANK(Y55), """", IF(Y55>7, ""🔴 High"", IF(Y55>3, ""🟡 Medium"", ""🟢 Low"")))","=IF(ISBLANK(Q55), """", IF(Q55<TODAY(), ""🚨 OVERDUE"", IF(Q55=TODAY(), ""🔔 DUE TODAY"", ""✅ Scheduled"")))"
L-1055,Guntur coliving Madhuri co-space pg,096668 77677,,Maps/Web Scrape,"6/13, opposite Leela homes kakiyat county, Brodipet, Guntur, Andhra Pradesh 522002",New,High (100),Student dormitory,,False,True,,,High,,,0,,Phone,New,,,,"=IF(ISBLANK(P56), """", DATEDIF(P56, TODAY(), ""D""))","=IF(ISBLANK(Y56), """", IF(Y56>7, ""🔴 High"", IF(Y56>3, ""🟡 Medium"", ""🟢 Low"")))","=IF(ISBLANK(Q56), """", IF(Q56<TODAY(), ""🚨 OVERDUE"", IF(Q56=TODAY(), ""🔔 DUE TODAY"", ""✅ Scheduled"")))"
L-1056,HARI savi Guntur cobaldpeta,,,Maps/Web Scrape,"8C4G+92J, Cobald Pet, Guntur, Andhra Pradesh 522002",New,High (100),Housing development,,False,True,,,High,,,0,,Email,New,,,,"=IF(ISBLANK(P57), """", DATEDIF(P57, TODAY(), ""D""))","=IF(ISBLANK(Y57), """", IF(Y57>7, ""🔴 High"", IF(Y57>3, ""🟡 Medium"", ""🟢 Low"")))","=IF(ISBLANK(Q57), """", IF(Q57<TODAY(), ""🚨 OVERDUE"", IF(Q57=TODAY(), ""🔔 DUE TODAY"", ""✅ Scheduled"")))"
L-1057,Lalpuram road KVP colony Guntur Andhra Pradesh,,,Maps/Web Scrape,"kvp, Sampath Nagar, Guntur, Andhra Pradesh 522004",New,High (100),Housing society,,False,True,,,High,,,0,,Email,New,,,,"=IF(ISBLANK(P58), """", DATEDIF(P58, TODAY(), ""D""))","=IF(ISBLANK(Y58), """", IF(Y58>7, ""🔴 High"", IF(Y58>3, ""🟡 Medium"", ""🟢 Low"")))","=IF(ISBLANK(Q58), """", IF(Q58<TODAY(), ""🚨 OVERDUE"", IF(Q58=TODAY(), ""🔔 DUE TODAY"", ""✅ Scheduled"")))"
L-1058,Ibrahim & masrath begum guntur,,,Maps/Web Scrape,"1/4, opposite prabhavati hospital, Lakshmipuram, Ramannapet, Guntur, Andhra Pradesh 522002",New,High (100),Housing society,,False,True,,,High,,,0,,Email,New,,,,"=IF(ISBLANK(P59), """", DATEDIF(P59, TODAY(), ""D""))","=IF(ISBLANK(Y59), """", IF(Y59>7, ""🔴 High"", IF(Y59>3, ""🟡 Medium"", ""🟢 Low"")))","=IF(ISBLANK(Q59), """", IF(Q59<TODAY(), ""🚨 OVERDUE"", IF(Q59=TODAY(), ""🔔 DUE TODAY"", ""✅ Scheduled"")))"
L-1059,"1st line,Sai nagar,Guntur",,,Maps/Web Scrape,"7CR8+HC7, Sitaramanagar, Guntur, Andhra Pradesh 522004",New,High (100),Housing complex,,False,True,,,High,,,0,,Email,New,,,,"=IF(ISBLANK(P60), """", DATEDIF(P60, TODAY(), ""D""))","=IF(ISBLANK(Y60), """", IF(Y60>7, ""🔴 High"", IF(Y60>3, ""🟡 Medium"", ""🟢 Low"")))","=IF(ISBLANK(Q60), """", IF(Q60<TODAY(), ""🚨 OVERDUE"", IF(Q60=TODAY(), ""🔔 DUE TODAY"", ""✅ Scheduled"")))"
L-1060,Aayushi on auction property's,,,Maps/Web Scrape,"Arundelpet, Guntur, Andhra Pradesh 522005",New,Medium-High (80),Real estate consultant,https://ayushiauctionproperty.wordpress.com/,False,True,,,Medium-High,,,0,,Email,New,,,,"=IF(ISBLANK(P61), """", DATEDIF(P61, TODAY(), ""D""))","=IF(ISBLANK(Y61), """", IF(Y61>7, ""🔴 High"", IF(Y61>3, ""🟡 Medium"", ""🟢 Low"")))","=IF(ISBLANK(Q61), """", IF(Q61<TODAY(), ""🚨 OVERDUE"", IF(Q61=TODAY(), ""🔔 DUE TODAY"", ""✅ Scheduled"")))"
L-1061,KingStar Real Estate Properties,,,Maps/Web Scrape,"Amaravathi Rd, Bharath Peta, Panduranga Nagar, Guntur, Andhra Pradesh 522202",New,Medium (60),Industrial real estate agency,https://yesubabu10.odmtbatch.com/,False,False,,,Medium,,,0,,Email,New,,,,"=IF(ISBLANK(P62), """", DATEDIF(P62, TODAY(), ""D""))","=IF(ISBLANK(Y62), """", IF(Y62>7, ""🔴 High"", IF(Y62>3, ""🟡 Medium"", ""🟢 Low"")))","=IF(ISBLANK(Q62), """", IF(Q62<TODAY(), ""🚨 OVERDUE"", IF(Q62=TODAY(), ""🔔 DUE TODAY"", ""✅ Scheduled"")))"
L-1062,Suvarna Kuteer Developers Pvt Ltd,097804 49999,,Maps/Web Scrape,"9, 3rd Ln, Old Pichikala Gunta, Arundelpet, Guntur, Andhra Pradesh 522002",New,Medium (60),Industrial real estate agency,https://suvarnakuteerdevelopers.com/,False,False,,,Medium,,,0,,Phone,New,,,,"=IF(ISBLANK(P63), """", DATEDIF(P63, TODAY(), ""D""))","=IF(ISBLANK(Y63), """", IF(Y63>7, ""🔴 High"", IF(Y63>3, ""🟡 Medium"", ""🟢 Low"")))","=IF(ISBLANK(Q63), """", IF(Q63<TODAY(), ""🚨 OVERDUE"", IF(Q63=TODAY(), ""🔔 DUE TODAY"", ""✅ Scheduled"")))"
L-1063,BHIMAA GUNTUR PROPERTYS,096763 31943,,Maps/Web Scrape,"9/3, Arundelpet, Guntur, Andhra Pradesh 522002",New,Medium (60),Real Estate Builders & Construction Company,https://bhimaagunturpropertys.com/,False,False,,,Medium,,,0,,Phone,New,,,,"=IF(ISBLANK(P64), """", DATEDIF(P64, TODAY(), ""D""))","=IF(ISBLANK(Y64), """", IF(Y64>7, ""🔴 High"", IF(Y64>3, ""🟡 Medium"", ""🟢 Low"")))","=IF(ISBLANK(Q64), """", IF(Q64<TODAY(), ""🚨 OVERDUE"", IF(Q64=TODAY(), ""🔔 DUE TODAY"", ""✅ Scheduled"")))"
L-1064,RR Ventures & Developers,0863 656 5555,,Maps/Web Scrape,"6-16-11, Arundelpet, Guntur, Andhra Pradesh 522002",New,Medium (60),Real estate agent,http://www.rrdevelopers.co.in/,False,False,,,Medium,,,0,,Phone,New,,,,"=IF(ISBLANK(P65), """", DATEDIF(P65, TODAY(), ""D""))","=IF(ISBLANK(Y65), """", IF(Y65>7, ""🔴 High"", IF(Y65>3, ""🟡 Medium"", ""🟢 Low"")))","=IF(ISBLANK(Q65), """", IF(Q65<TODAY(), ""🚨 OVERDUE"", IF(Q65=TODAY(), ""🔔 DUE TODAY"", ""✅ Scheduled"")))"
L-1065,my tolet guntur,,,Maps/Web Scrape,"25-4-177/16/2, Chandramouli Nagar, Guntur, Andhra Pradesh 522007",New,Medium (60),Property management company,https://mytoletindia.com/,False,False,,,Medium,,,0,,Email,New,,,,"=IF(ISBLANK(P66), """", DATEDIF(P66, TODAY(), ""D""))","=IF(ISBLANK(Y66), """", IF(Y66>7, ""🔴 High"", IF(Y66>3, ""🟡 Medium"", ""🟢 Low"")))","=IF(ISBLANK(Q66), """", IF(Q66<TODAY(), ""🚨 OVERDUE"", IF(Q66=TODAY(), ""🔔 DUE TODAY"", ""✅ Scheduled"")))"
L-1066,Mana Illuu | Real Estate Agency in Guntur,,,Maps/Web Scrape,"7th Ln, Chandramouli Nagar, Guntur, Andhra Pradesh 522007",New,Medium (60),Real Estate Builders & Construction Company,http://www.manailluu.com/,False,False,,,Medium,,,0,,Email,New,,,,"=IF(ISBLANK(P67), """", DATEDIF(P67, TODAY(), ""D""))","=IF(ISBLANK(Y67), """", IF(Y67>7, ""🔴 High"", IF(Y67>3, ""🟡 Medium"", ""🟢 Low"")))","=IF(ISBLANK(Q67), """", IF(Q67<TODAY(), ""🚨 OVERDUE"", IF(Q67=TODAY(), ""🔔 DUE TODAY"", ""✅ Scheduled"")))"
L-1067,A to Z Rental services,080191 90319,,Maps/Web Scrape,"Ankamma Nagar 4th Ln, Ananda Theertha Agraharam, Guntur, Andhra Pradesh 522004",New,Medium (60),Office space rental agency,http://www.atozrentalservices.com/,False,False,,,Medium,,,0,,Phone,New,,,,"=IF(ISBLANK(P68), """", DATEDIF(P68, TODAY(), ""D""))","=IF(ISBLANK(Y68), """", IF(Y68>7, ""🔴 High"", IF(Y68>3, ""🟡 Medium"", ""🟢 Low"")))","=IF(ISBLANK(Q68), """", IF(Q68<TODAY(), ""🚨 OVERDUE"", IF(Q68=TODAY(), ""🔔 DUE TODAY"", ""✅ Scheduled"")))"
L-1068,"Jyothirmaye Properties - New Real Estate Ventures in Amaravathi, Guntur",099666 87777,,Maps/Web Scrape,"2, 2, Ashok Nagar, Guntur, Andhra Pradesh 522002",New,Medium (60),Real Estate Builders & Construction Company,http://www.jyothirmayeproperties.com/,False,False,,,Medium,,,0,,Phone,New,,,,"=IF(ISBLANK(P69), """", DATEDIF(P69, TODAY(), ""D""))","=IF(ISBLANK(Y69), """", IF(Y69>7, ""🔴 High"", IF(Y69>3, ""🟡 Medium"", ""🟢 Low"")))","=IF(ISBLANK(Q69), """", IF(Q69<TODAY(), ""🚨 OVERDUE"", IF(Q69=TODAY(), ""🔔 DUE TODAY"", ""✅ Scheduled"")))"
L-1069,GUNTUR CITY REALTOR,091107 43858,,Maps/Web Scrape,"Koritepadu, Guntur, Andhra Pradesh 522007",New,Medium (60),Industrial real estate agency,https://youtube.com/@gunturcityrealtor?si=5WDj_z7M1a-VuK7m,False,False,,,Medium,,,0,,Phone,New,,,,"=IF(ISBLANK(P70), """", DATEDIF(P70, TODAY(), ""D""))","=IF(ISBLANK(Y70), """", IF(Y70>7, ""🔴 High"", IF(Y70>3, ""🟡 Medium"", ""🟢 Low"")))","=IF(ISBLANK(Q70), """", IF(Q70<TODAY(), ""🚨 OVERDUE"", IF(Q70=TODAY(), ""🔔 DUE TODAY"", ""✅ Scheduled"")))"
L-1070,Sri Bhramara Townships Pvt Ltd Guntur,099480 99517,,Maps/Web Scrape,"Arundelpet, Guntur, Andhra Pradesh 522002",New,Medium (60),Gated community,http://www.sribhramara.com/,False,False,,,Medium,,,0,,Phone,New,,,,"=IF(ISBLANK(P71), """", DATEDIF(P71, TODAY(), ""D""))","=IF(ISBLANK(Y71), """", IF(Y71>7, ""🔴 High"", IF(Y71>3, ""🟡 Medium"", ""🟢 Low"")))","=IF(ISBLANK(Q71), """", IF(Q71<TODAY(), ""🚨 OVERDUE"", IF(Q71=TODAY(), ""🔔 DUE TODAY"", ""✅ Scheduled"")))"
L-1071,Sweet Home Properties,073864 65465,,Maps/Web Scrape,"D.no - 7-13-14 Valluri vari thota, Donka Road, 6th Line, Arundelpet, Guntur, Andhra Pradesh 522002",New,Medium (60),Real estate consultant,http://www.sweethomeprop.com/,False,False,,,Medium,,,0,,Phone,New,,,,"=IF(ISBLANK(P72), """", DATEDIF(P72, TODAY(), ""D""))","=IF(ISBLANK(Y72), """", IF(Y72>7, ""🔴 High"", IF(Y72>3, ""🟡 Medium"", ""🟢 Low"")))","=IF(ISBLANK(Q72), """", IF(Q72<TODAY(), ""🚨 OVERDUE"", IF(Q72=TODAY(), ""🔔 DUE TODAY"", ""✅ Scheduled"")))"
L-1072,Abhinandana Avenues Pvt Ltd,0863 645 4588,,Maps/Web Scrape,"8C6H+2XX, Lakshmipuram Main Rd, Lakshmipuram, Ashok Nagar, Guntur, Andhra Pradesh 522007",New,Medium (60),Real estate agency,http://www.abhinandanaavenues.com/,False,False,,,Medium,,,0,,Phone,New,,,,"=IF(ISBLANK(P73), """", DATEDIF(P73, TODAY(), ""D""))","=IF(ISBLANK(Y73), """", IF(Y73>7, ""🔴 High"", IF(Y73>3, ""🟡 Medium"", ""🟢 Low"")))","=IF(ISBLANK(Q73), """", IF(Q73<TODAY(), ""🚨 OVERDUE"", IF(Q73=TODAY(), ""🔔 DUE TODAY"", ""✅ Scheduled"")))"
L-1073,Real Boom Real Estate Services,,,Maps/Web Scrape,"3rd Line, beside Bhashyam College, Lakshmipuram, Guntur, Andhra Pradesh 522007",New,Medium (60),Marketing agency,https://www.realboom.in/,False,False,,,Medium,,,0,,Email,New,,,,"=IF(ISBLANK(P74), """", DATEDIF(P74, TODAY(), ""D""))","=IF(ISBLANK(Y74), """", IF(Y74>7, ""🔴 High"", IF(Y74>3, ""🟡 Medium"", ""🟢 Low"")))","=IF(ISBLANK(Q74), """", IF(Q74<TODAY(), ""🚨 OVERDUE"", IF(Q74=TODAY(), ""🔔 DUE TODAY"", ""✅ Scheduled"")))"
L-1074,Tata Structura - Vanama Appanna & Son's Iron Company,099484 10307,,Maps/Web Scrape,"No 23/6, 133, Patnam Bazar, Guntur, Andhra Pradesh 522004",New,Medium (60),Steel construction company,https://dealers.tatastructura.com/tata-structura-vanama-appanna-son-s-iron-company-steel-construction-company-patnam-bazar-guntur-322096/Home?utm_source=locator&utm_medium=googleplaces,False,False,,,Medium,,,0,,Phone,New,,,,"=IF(ISBLANK(P75), """", DATEDIF(P75, TODAY(), ""D""))","=IF(ISBLANK(Y75), """", IF(Y75>7, ""🔴 High"", IF(Y75>3, ""🟡 Medium"", ""🟢 Low"")))","=IF(ISBLANK(Q75), """", IF(Q75<TODAY(), ""🚨 OVERDUE"", IF(Q75=TODAY(), ""🔔 DUE TODAY"", ""✅ Scheduled"")))"
L-1075,Sri Bhramara Townships Pvt. Ltd. Head Office,099480 99517,,Maps/Web Scrape,"1st Floor, APSFC Bhavan, Industrial park, Mahatma Gandhi Inner Ring Rd, Gorantla, Andhra Pradesh 522034",New,Medium (60),Real Estate Builders & Construction Company,http://www.sribhramara.com/,False,False,,,Medium,,,0,,Phone,New,,,,"=IF(ISBLANK(P76), """", DATEDIF(P76, TODAY(), ""D""))","=IF(ISBLANK(Y76), """", IF(Y76>7, ""🔴 High"", IF(Y76>3, ""🟡 Medium"", ""🟢 Low"")))","=IF(ISBLANK(Q76), """", IF(Q76<TODAY(), ""🚨 OVERDUE"", IF(Q76=TODAY(), ""🔔 DUE TODAY"", ""✅ Scheduled"")))"
L-1076,Bajrang Infra,,,Maps/Web Scrape,"8C4C+969, Rajarajeswaripuram, Pattabhipuram, Guntur, Andhra Pradesh 522006",New,Medium (60),Real estate developer,http://www.bajrangurban.com/,False,False,,,Medium,,,0,,Email,New,,,,"=IF(ISBLANK(P77), """", DATEDIF(P77, TODAY(), ""D""))","=IF(ISBLANK(Y77), """", IF(Y77>7, ""🔴 High"", IF(Y77>3, ""🟡 Medium"", ""🟢 Low"")))","=IF(ISBLANK(Q77), """", IF(Q77<TODAY(), ""🚨 OVERDUE"", IF(Q77=TODAY(), ""🔔 DUE TODAY"", ""✅ Scheduled"")))"
L-1077,Palm Springs,099666 87777,,Maps/Web Scrape,"D.No 25-11-6 G.T.Road Srinivasarao Pet, R Agraharam, Guntur, Andhra Pradesh 522004",New,Medium (60),Condominium complex,http://jyothirmayeproperties.com/,False,False,,,Medium,,,0,,Phone,New,,,,"=IF(ISBLANK(P78), """", DATEDIF(P78, TODAY(), ""D""))","=IF(ISBLANK(Y78), """", IF(Y78>7, ""🔴 High"", IF(Y78>3, ""🟡 Medium"", ""🟢 Low"")))","=IF(ISBLANK(Q78), """", IF(Q78<TODAY(), ""🚨 OVERDUE"", IF(Q78=TODAY(), ""🔔 DUE TODAY"", ""✅ Scheduled"")))"
L-1078,Aaditri's Exotica,,,Maps/Web Scrape,"Guntur, Andhra Pradesh 522034",New,Medium (60),Apartment building,http://www.aaditrigroup.com/,False,False,,,Medium,,,0,,Email,New,,,,"=IF(ISBLANK(P79), """", DATEDIF(P79, TODAY(), ""D""))","=IF(ISBLANK(Y79), """", IF(Y79>7, ""🔴 High"", IF(Y79>3, ""🟡 Medium"", ""🟢 Low"")))","=IF(ISBLANK(Q79), """", IF(Q79<TODAY(), ""🚨 OVERDUE"", IF(Q79=TODAY(), ""🔔 DUE TODAY"", ""✅ Scheduled"")))"
L-1079,NCC Park Square,099895 33669,,Maps/Web Scrape,"Uma Maheswara Colony Rd, near Swami Theatre, Rajarajeswaripuram, Pattabhipuram, Guntur, Andhra Pradesh 522006",New,Medium (60),Townhouse complex,https://www.nccurban.com/ncc-urban-parksquare-ongoing-project-in-guntur.html,False,False,,,Medium,,,0,,Phone,New,,,,"=IF(ISBLANK(P80), """", DATEDIF(P80, TODAY(), ""D""))","=IF(ISBLANK(Y80), """", IF(Y80>7, ""🔴 High"", IF(Y80>3, ""🟡 Medium"", ""🟢 Low"")))","=IF(ISBLANK(Q80), """", IF(Q80<TODAY(), ""🚨 OVERDUE"", IF(Q80=TODAY(), ""🔔 DUE TODAY"", ""✅ Scheduled"")))"
L-1080,Green Grace,091000 71740,,Maps/Web Scrape,"D.No: 3-3-225, Main Road, opp. TJPS College, Pattabhipuram, Guntur, Andhra Pradesh 522006",New,Medium (60),Condominium complex,http://greengrace.in/,False,False,,,Medium,,,0,,Phone,New,,,,"=IF(ISBLANK(P81), """", DATEDIF(P81, TODAY(), ""D""))","=IF(ISBLANK(Y81), """", IF(Y81>7, ""🔴 High"", IF(Y81>3, ""🟡 Medium"", ""🟢 Low"")))","=IF(ISBLANK(Q81), """", IF(Q81<TODAY(), ""🚨 OVERDUE"", IF(Q81=TODAY(), ""🔔 DUE TODAY"", ""✅ Scheduled"")))"
L-1081,"Sri Savithru Infra Projects (India) Pvt Ltd | Open Plots Sale in AMARAVATI, Guntur",070777 78888,,Maps/Web Scrape,"Door No 130-281, Flat No .B3, Sri Nilayam, Sai Nadh Colony, 2nd Line,, Mahatma Gandhi Inner Ring Road, Gorantla, Andhra Pradesh 522034",New,Medium (60),Real Estate Builders & Construction Company,https://srisavithru.in/,False,False,,,Medium,,,0,,Phone,New,,,,"=IF(ISBLANK(P82), """", DATEDIF(P82, TODAY(), ""D""))","=IF(ISBLANK(Y82), """", IF(Y82>7, ""🔴 High"", IF(Y82>3, ""🟡 Medium"", ""🟢 Low"")))","=IF(ISBLANK(Q82), """", IF(Q82<TODAY(), ""🚨 OVERDUE"", IF(Q82=TODAY(), ""🔔 DUE TODAY"", ""✅ Scheduled"")))"
L-1082,Topline Realty Amaravati,090526 93333,,Maps/Web Scrape,,New,Medium (60),Real estate consultant,https://www.toplinerealty.in/,False,False,,,Medium,,,0,,Phone,New,,,,"=IF(ISBLANK(P83), """", DATEDIF(P83, TODAY(), ""D""))","=IF(ISBLANK(Y83), """", IF(Y83>7, ""🔴 High"", IF(Y83>3, ""🟡 Medium"", ""🟢 Low"")))","=IF(ISBLANK(Q83), """", IF(Q83<TODAY(), ""🚨 OVERDUE"", IF(Q83=TODAY(), ""🔔 DUE TODAY"", ""✅ Scheduled"")))"
L-1083,"OMKAR Bhavan-Best Student Rooms in Guntur,Rooms for Bachelors in Guntur,Sharing Rooms",097001 11165,,Maps/Web Scrape,"2/10, Brodipet, Guntur, Andhra Pradesh 522002",New,Medium (60),Boys' hostel,http://www.omkarscomputereducation.com/studentroomsinguntur.html,False,False,,,Medium,,,0,,Phone,New,,,,"=IF(ISBLANK(P84), """", DATEDIF(P84, TODAY(), ""D""))","=IF(ISBLANK(Y84), """", IF(Y84>7, ""🔴 High"", IF(Y84>3, ""🟡 Medium"", ""🟢 Low"")))","=IF(ISBLANK(Q84), """", IF(Q84<TODAY(), ""🚨 OVERDUE"", IF(Q84=TODAY(), ""🔔 DUE TODAY"", ""✅ Scheduled"")))"
L-1084,Sri Balakrishna Towers,084999 91991,,Maps/Web Scrape,"Amaravathi Rd, Gorantla, Andhra Pradesh 522034",New,Medium (60),Real Estate Builders & Construction Company,http://balakrishnaconstructions.com/about.html,False,False,,,Medium,,,0,,Phone,New,,,,"=IF(ISBLANK(P85), """", DATEDIF(P85, TODAY(), ""D""))","=IF(ISBLANK(Y85), """", IF(Y85>7, ""🔴 High"", IF(Y85>3, ""🟡 Medium"", ""🟢 Low"")))","=IF(ISBLANK(Q85), """", IF(Q85<TODAY(), ""🚨 OVERDUE"", IF(Q85=TODAY(), ""🔔 DUE TODAY"", ""✅ Scheduled"")))"
L-1085,Attica Gold Company - Gold Buyers In Guntur,088803 00300,,Maps/Web Scrape,"First Surayteja Arcade 4/7 Above Big C, Brodipet, Guntur, Andhra Pradesh 522002",New,Medium (60),Jewelry buyer,http://atticagoldcompany.com/,False,False,,,Medium,,,0,,Phone,New,,,,"=IF(ISBLANK(P86), """", DATEDIF(P86, TODAY(), ""D""))","=IF(ISBLANK(Y86), """", IF(Y86>7, ""🔴 High"", IF(Y86>3, ""🟡 Medium"", ""🟢 Low"")))","=IF(ISBLANK(Q86), """", IF(Q86<TODAY(), ""🚨 OVERDUE"", IF(Q86=TODAY(), ""🔔 DUE TODAY"", ""✅ Scheduled"")))"
L-1086,Sree Finance and Real-estate,081869 46158,,Maps/Web Scrape,"D. No 130, 4-96, Arch road, near Gorantla venkateswara swamy temple, Annapurna Nagar, Gorantla, Andhra Pradesh 522034",New,Medium (60),Industrial real estate agency,https://www.sreefinance.com/,False,False,,,Medium,,,0,,Phone,New,,,,"=IF(ISBLANK(P87), """", DATEDIF(P87, TODAY(), ""D""))","=IF(ISBLANK(Y87), """", IF(Y87>7, ""🔴 High"", IF(Y87>3, ""🟡 Medium"", ""🟢 Low"")))","=IF(ISBLANK(Q87), """", IF(Q87<TODAY(), ""🚨 OVERDUE"", IF(Q87=TODAY(), ""🔔 DUE TODAY"", ""✅ Scheduled"")))"
L-1087,Yaganti Parkwood,,,Maps/Web Scrape,"12th Ln, Sri Ram Nagar, Gorantla, Andhra Pradesh 522034",New,Medium (60),Apartment building,https://www.yagantigroup.com/,False,False,,,Medium,,,0,,Email,New,,,,"=IF(ISBLANK(P88), """", DATEDIF(P88, TODAY(), ""D""))","=IF(ISBLANK(Y88), """", IF(Y88>7, ""🔴 High"", IF(Y88>3, ""🟡 Medium"", ""🟢 Low"")))","=IF(ISBLANK(Q88), """", IF(Q88<TODAY(), ""🚨 OVERDUE"", IF(Q88=TODAY(), ""🔔 DUE TODAY"", ""✅ Scheduled"")))"
L-1088,Sundaram Home Finance Limited - Guntur,073054 24448,,Maps/Web Scrape,"Door No. 6-9-9, First Floor, 9th Lane, 2nd Cross, Arundelpet, Guntur, Andhra Pradesh 522002",New,Medium (60),Loan agency,https://www.sundaramhome.in/?utm_source=google&utm_medium=organic&utm_campaign=gmb_APE_guntur,False,False,,,Medium,,,0,,Phone,New,,,,"=IF(ISBLANK(P89), """", DATEDIF(P89, TODAY(), ""D""))","=IF(ISBLANK(Y89), """", IF(Y89>7, ""🔴 High"", IF(Y89>3, ""🟡 Medium"", ""🟢 Low"")))","=IF(ISBLANK(Q89), """", IF(Q89<TODAY(), ""🚨 OVERDUE"", IF(Q89=TODAY(), ""🔔 DUE TODAY"", ""✅ Scheduled"")))"
L-1089,PREMSAI REAL-ESTATE GUNTUR,,,Maps/Web Scrape,,New,Medium (60),Real estate agent,https://www.passport.co.in/,False,False,,,Medium,,,0,,Email,New,,,,"=IF(ISBLANK(P90), """", DATEDIF(P90, TODAY(), ""D""))","=IF(ISBLANK(Y90), """", IF(Y90>7, ""🔴 High"", IF(Y90>3, ""🟡 Medium"", ""🟢 Low"")))","=IF(ISBLANK(Q90), """", IF(Q90<TODAY(), ""🚨 OVERDUE"", IF(Q90=TODAY(), ""🔔 DUE TODAY"", ""✅ Scheduled"")))"
L-1090,Bandari Real Estates in Hyderabad,099597 78353,,Uploaded CSV,"Raghavendra Apartments,Flat no:50O5, near Minerva Hotel, Himayatnagar, Hyderabad, Telangana 500020",New,,Real estate consultant,,False,True,,,,,,0,,Phone,New,,,,,Medium,Scheduled
L-1091,Sri vishwas real estates,,,Uploaded CSV,"plot no. 376/B, Road No. 82, Jubilee Hills, Hyderabad, Telangana 500096",New,,Real estate consultant,,False,True,,,,,,0,,Email,New,,,,,Medium,Scheduled
L-1092,S.M Real Estate and property dealers,,,Uploaded CSV,"no 11-4-328, Shop, Bazar Ghat, Hyderabad, Telangana 500004",New,,Real Estate Builders & Construction Company,,False,True,,,,,,0,,Email,New,,,,,Medium,Scheduled
L-1093,Vayura Estates - Real Estate Company in Hyderabad,,,Uploaded CSV,"6-90/1, Tejaswi Nagar, Hyderabad, Telangana 500048",New,,Real estate consultant,,False,True,,,,,,0,,Email,New,,,,,Medium,Scheduled
L-1094,SWARNABHOOMI INFRA LAND DEVELOPERS & BUILDERS,040 4850 3469,,Uploaded CSV,"H.NO:6-3-347/9A, FLAT NO: 402, 4th Floor WM CITIZEN KAPUR TOWERS, SRI KANYA STREET, beside Model House, Dwarakapuri, Punjagutta, Hyderabad, Telangana 500082",New,,Real estate developer,,False,True,,,,,,0,,Phone,New,,,,,Medium,Scheduled
L-1095,Hanu Reddy Realty India Pvt Ltd,040 2311 2055,,Uploaded CSV,"Plot no 101, Ground Floor Women's Cooperative Society, Road no 7C, Jubilee Hills, Hyderabad, Telangana 500033",New,,Real estate agency,http://hanureddyrealty.com/,False,False,,,,,,0,,Phone,New,,,,,Medium,Scheduled
L-1096,Om Shanthi Property Bazaar,040 2326 0020,,Uploaded CSV,"H.NO.3-6-256, First Floor, above Famous Tailor, Himayatnagar, Hyderabad, Telangana 500029",New,,Real estate consultant,http://omshanthipropertybazaar.in/,False,False,,,,,,0,,Phone,New,,,,,Medium,Scheduled
L-1097,Real estate brokers Hyderabad buy sell 2Bhk 3Bhk flats Apartments independent duplex house villas,098664 68960,,Uploaded CSV,"Srt-416, Alwyn Housing Colony, Sanath Nagar, Hyderabad, Telangana 500018",New,,Real Estate Builders & Construction Company,https://sites.google.com/view/bestrealestateagentinhyderabad/home,False,False,,,,,,0,,Phone,New,,,,,Medium,Scheduled
L-1098,Square Yards - Hyderabad,1800 208 3344,,Uploaded CSV,"Lower Ground Floor, Sanali Spazio, Inorbit Mall Rd, Software Units Layout, Madhapur, Hyderabad, Telangana 500081",New,,Real estate agency,https://www.squareyards.com/,False,False,,,,,,0,,Phone,New,,,,,Medium,Scheduled
L-1099,Yarlagadda Real Estate Services & Consultants,098497 19999,,Uploaded CSV,,New,,Real estate consultant,https://yarlagaddarealestateservices.com/,False,False,,,,,,0,,Phone,New,,,,,Medium,Scheduled
L-1100,School of Real Estate,077022 93377,,Uploaded CSV,"5th Floor, 508, Capital Pk Rd, VIP Hills, Silicon Valley, Madhapur, Hyderabad, Telangana 500081",New,,Training center,https://www.schoolofrealestate.in/,False,False,,,,,,0,,Phone,New,,,,,Medium,Scheduled
L-1101,Platform Reality,093967 77220,,Uploaded CSV,"252/2, Workfella # 204, Sri Ram Towers Nest , Mega City 6-3, 6-3-252/2, Banjara Hills Main Rd, Erram Manzil, Irram Manzil Colony, Banjara Hills, Hyderabad, Telangana 500082",New,,Real estate consultant,https://platformreality.com/,False,False,,,,,,0,,Phone,New,,,,,Medium,Scheduled
L-1102,Mirchi Developers : - Venice City Villas,088677 00120,,Uploaded CSV,"Pati, Kollur, Patancheruvu, Hyderabad, Telangana 502319",New,,Real Estate Builders & Construction Company,https://mirchidevelopers.com/,False,False,,,,,,0,,Phone,New,,,,,Medium,Scheduled
L-1103,NAREDCO Telangana,040 6557 2184,,Uploaded CSV,"3rd Floor, Vasavi Corporate, 301, Road No. 12, Bhola Nagar, Banjara Hills, Hyderabad, Telangana 500028",New,,Real Estate Builders & Construction Company,http://www.naredcotelangana.com/,False,False,,,,,,0,,Phone,New,,,,,Medium,Scheduled
L-1104,Shilpa Real Estates Private Limited,040 6662 7022,,Uploaded CSV,"III Floor, NV Plaza, Sai Baba Temple Rd, near Model House, Dwarakapuri, Punjagutta, Hyderabad, Telangana 500082",New,,Real estate,http://svkrinfra.com/,False,False,,,,,,0,,Phone,New,,,,,Medium,Scheduled
L-1105,City Square Infra Pvt. Ltd.,070322 34574,,Uploaded CSV,"M Floor, 8-2, Block 3, 626, Rd Number 11, Reliance Majestic, Avenue 4, Banjara Hills, Hyderabad, Telangana 500034",New,,Real estate agent,https://citysquareinfra.com/,False,False,,,,,,0,,Phone,New,,,,,Medium,Scheduled
L-1106,Aduri Group-Banjara Hills Branch,,,Uploaded CSV,"Plot no 77/A, Second Floor, MB Towers, Road No. 10, Avenue 4, Banjara Hills, Hyderabad, Telangana 500034",New,,Real Estate Builders & Construction Company,http://www.adurigroup.com/,False,False,,,,,,0,,Email,New,,,,,Medium,Scheduled
L-1107,Aparna Kanopy Marigold,070953 33335,,Uploaded CSV,"Kompally, Gundlapochampally, Hyderabad, Telangana 500100",New,,Gated community,https://www.aparnaconstructions.com/project/apartments/aparna-kanopy-marigold/?utm_source=Google&utm_medium=Organic&utm_campaign=GBP,False,False,,,,,,0,,Phone,New,,,,,Medium,Scheduled
L-1108,Tridasa Rise,092402 44498,,Uploaded CSV,"F8H2+GQ2, Defence Colony, Serilingampalle (M), Hyderabad, Telangana 502034",New,,Real Estate Builders & Construction Company,http://www.tridasa.in/,False,False,,,,,,0,,Phone,New,,,,,Medium,Scheduled
L-1109,Real Heights Estate - Real Estate Hyderabad,099890 66733,,Uploaded CSV,"beside Ratnadeep Super market, Aravind Nagar Colony, Toli Chowki, Hyderabad, Telangana 500008",New,,Property management company,https://wa.me/message/6O7PV3JM73P3K1,True,False,,,,,,0,,Phone,New,,,,,Medium,Scheduled
L-1110,K.S.R Real Estate Consultancy,096668 53161,,Uploaded CSV,"2-4/1, Near Panta Kaluva, Kankipadu, Vijayawada, Andhra Pradesh 520010",New,,Real estate agency,,False,True,,,,,,0,,Phone,New,,,,,Medium,Scheduled
L-1111,Vijayawada Real Estate,073064 45511,,Uploaded CSV,"2nd floor, Gurunanak Nagar, K P Nagar, Vijayawada, Andhra Pradesh 520008",New,,Real estate agency,,False,True,,,,,,0,,Phone,New,,,,,Medium,Scheduled
L-1112,NMR RESORTS AND DEVELOPERS,,,Uploaded CSV,"r.r. gardens, Chinni Gari Rd, Patamata, Vijayawada, Andhra Pradesh 520007",New,,Real Estate Builders & Construction Company,,False,True,,,,,,0,,Email,New,,,,,Medium,Scheduled
L-1113,Sree Sesha Sai Constructions,096664 55578,,Uploaded CSV,"City/State, 4th Rd, New Postal Colony-2, Patamata, Benz Circle, Vijayawada, Andhra Pradesh 520008",New,,Real estate developer,,False,True,,,,,,0,,Phone,New,,,,,Medium,Scheduled
L-1114,Sri Darla Housing PVT LTD,090147 64008,,Uploaded CSV,"Plot No. 62, 2nd Line, near टाटा मोटर्स, Srinivasa Nagar Bank Colony, Vijayawada, Kanuru, Andhra Pradesh 520008",New,,Real Estate Builders & Construction Company,,False,True,,,,,,0,,Phone,New,,,,,Medium,Scheduled
L-1115,Fugen Projects,0866 406 4455,,Uploaded CSV,"59A-21-7/2, 4th Floor, RR Gardens Infinity Plaza, High School Rd, Patamata, Benz Circle, Vijayawada, Andhra Pradesh 520007",New,,Real estate agency,,False,True,,,,,,0,,Phone,New,,,,,Medium,Scheduled
L-1116,Sarkar Real Estates,098482 76375,,Uploaded CSV,"Rajarajeswari Peta, New Rajarajeswari Peta, Vijayawada, Andhra Pradesh 520003",New,,Real estate agency,,False,True,,,,,,0,,Phone,New,,,,,Medium,Scheduled
L-1117,Sri Sai Swapna Real Estates Vijayawada,,,Uploaded CSV,"2ND FLOOR, Medplus, Ballem Vari St, Prasadampadu, currency nagar, Vijayawada, Ramavarappadu, Andhra Pradesh 521108",New,,Real estate consultant,,False,True,,,,,,0,,Email,New,,,,,Medium,Scheduled
L-1118,Vasu Real Estate& Consultant,099859 51699,,Uploaded CSV,"Plot No : 96, Vastralatha Colony Rd, Santhi Nagar, Gollapudi, Andhra Pradesh 521225",New,,Real estate agency,,False,True,,,,,,0,,Phone,New,,,,,Medium,Scheduled
L-1119,K.N.R (Bittu) Real estate consultant Vijayawada,,,Uploaded CSV,"Metro line, Seetharampuram, Suryaraopeta, Vijayawada, Andhra Pradesh 520010",New,,Real estate consultant,,False,True,,,,,,0,,Email,New,,,,,Medium,Scheduled
L-1120,PAVAN REAL ESTATE & CONSULTANT,092464 75716,,Uploaded CSV,"door No .43, KANAKA DURGA NAGAR, 107/1-67D, Andhra Prabha Colony Rd, Andhra Prabha Colony, PNT Colony, Vijayawada, Andhra Pradesh 520015",New,,Real Estate Builders & Construction Company,,False,True,,,,,,0,,Phone,New,,,,,Medium,Scheduled
L-1121,Sri Janatha Properties Pvt Ltd,098525 26789,,Uploaded CSV,"1st Floor, Om Sri Complex, 52-1-2, Service Road, Beside Union Bank, Veterinary Colony, Vijayawada, Andhra Pradesh 520008",New,,Real estate consultant,,False,True,,,,,,0,,Phone,New,,,,,Medium,Scheduled
L-1122,"PATAMATA, VIJAYAWADA",,,Uploaded CSV,"26/1, 67-1, Darsipeta, Patamata, Benz Circle, Vijayawada, Andhra Pradesh 520010",New,,Real estate agency,,False,True,,,,,,0,,Email,New,,,,,Medium,Scheduled
L-1123,Vijayawada,,,Uploaded CSV,"26-2-10, Gandhi Nagar, Vijayawada, Andhra Pradesh 520003",New,,Housing society,,False,True,,,,,,0,,Email,New,,,,,Medium,Scheduled
L-1124,Metro Homes,,,Uploaded CSV,"40-5-16/2, Tikkle Rd, opposite Siddhartha Arts College, Moghalrajpuram, Siddhartha Nagar, Benz Circle, Vijayawada, Andhra Pradesh 520010",New,,Property investment company,,False,True,,,,,,0,,Email,New,,,,,Medium,Scheduled
L-1125,Karthik Agencies (AC HUB) - Vijayawada Branch,073965 35389,,Uploaded CSV,"Eluru Rd, Near Vijaya Talkies, Arundalpet, Governor Peta, Vijayawada, Andhra Pradesh 520002",New,,Real estate agency,,False,True,,,,,,0,,Phone,New,,,,,Medium,Scheduled
L-1126,Dollfine Estates,,,Uploaded CSV,"Dolphin Estates, D.No:7-92, Kammayya Thopu,, Vijayawada Rd, Kanuru, Andhra Pradesh 520007",New,,Apartment building,,False,True,,,,,,0,,Email,New,,,,,Medium,Scheduled
L-1127,Sri Lakshmikanthamma Estates,094403 44244,,Uploaded CSV,"Gunadala Rd, Karmel Nagar, Vijayawada, Kanuru, Andhra Pradesh 520004",New,,Furnished apartment building,,False,True,,,,,,0,,Phone,New,,,,,Medium,Scheduled
L-1128,"RN.PROPERTIES, near Krishna hotel center, Ajith Singhnagar Vijayawada- 15",,,Uploaded CSV,"Krishna Hotel Center, Near, Ajit Singh Nagar, Vijayawada, Andhra Pradesh 520001",New,,Real Estate Builders & Construction Company,,False,True,,,,,,0,,Email,New,,,,,Medium,Scheduled
L-1129,Rudra Promoters and Developers - Vijayawada,,,Uploaded CSV,"FMX9+8FJ, Raithu bazar Road, Patamata, Vijayawada, Andhra Pradesh 520010",New,,Real Estate Builders & Construction Company,,False,True,,,,,,0,,Email,New,,,,,Medium,Scheduled
L-1130,"Design Planning Services,,Ammana Estates",,,Uploaded CSV,"SHOP NO:18&19, AMMANA ESTATE, Museum Rd, Governor Peta, Vijayawada, Andhra Pradesh 520002",New,,Condominium complex,,False,True,,,,,,0,,Email,New,,,,,Medium,Scheduled
L-1131,House rental Vijayawada,,,Uploaded CSV,"12-59, NTR Marg, Sanath Nagar, Vijayawada, Andhra Pradesh 520007",New,,Housing society,,False,True,,,,,,0,,Email,New,,,,,Medium,Scheduled
L-1132,Sri Lakshmi Real Estate And Consultancy,092464 77166,,Uploaded CSV,"# 32-136, Ambapuram Road, YSR Road, Jakkampudi Road, Andhra Prabha Colony, Ajit Singh Nagar, PNT Colony, Vijayawada, Andhra Pradesh 520015",New,,Real estate agency,,False,True,,,,,,0,,Phone,New,,,,,Medium,Scheduled
L-1133,NKP RED SANDAL FARM LANDS - BEST IN VIJAYAWADA,,,Uploaded CSV,"Donka Rd, JD Nagar, Patamata, Vijayawada, Andhra Pradesh 520010",New,,Real estate agency,,False,True,,,,,,0,,Email,New,,,,,Medium,Scheduled
L-1134,99acres.com Vijayawada,,,Uploaded CSV,"Kurra, Surya Narayana St, New Giri Puram, Suryaraopeta, Vijayawada, Andhra Pradesh 520010",New,,Industrial real estate agency,,False,True,,,,,,0,,Email,New,,,,,Medium,Scheduled
L-1135,Bhavani Real Estates and constructions,093921 04613,,Uploaded CSV,"Gadde VenkataRamayya Nagar, Vijayawada, Andhra Pradesh 520003",New,,Real estate agency,,False,True,,,,,,0,,Phone,New,,,,,Medium,Scheduled
L-1136,Mega Estates,088480 20920,,Uploaded CSV,"Damera Nagar, Chowdary Pet Rd, Ashok Nagar, Vijayawada, Andhra Pradesh 520007",New,,Apartment complex,,False,True,,,,,,0,,Phone,New,,,,,Medium,Scheduled
L-1137,Samhita splendid homes,,,Uploaded CSV,"FJQ5+6Q, Tadepalle, Andhra Pradesh 522501",New,,Apartment building,,False,True,,,,,,0,,Email,New,,,,,Medium,Scheduled
L-1138,Vijayawada Rental Agency & Real Estate,095052 15001,,Uploaded CSV,"Panta Kaluva Rd,4th Road, NTR Circle, RTC Colony, Benz Circle, Vijayawada, Andhra Pradesh 520008",New,,Real estate agency,,False,True,,,,,,0,,Phone,New,,,,,Medium,Scheduled
L-1139,Rowfin Real Estates (P)Ltd,098481 15758,,Uploaded CSV,"GJ6G+7MF, Peddibhotlavari Street, Governor Peta, Vijayawada, Andhra Pradesh 520002",New,,Real estate agency,,False,True,,,,,,0,,Phone,New,,,,,Medium,Scheduled
L-1140,Sai Deekshitha Agency,091332 20055,,Uploaded CSV,"41-1/8-89, 2nd Ln, Valluru Purnachandra Nagar, Krishna Lanka Nagar, Nehru Nagar, Vijayawada, Andhra Pradesh 520013",New,,Home builder,,False,True,,,,,,0,,Phone,New,,,,,Medium,Scheduled
L-1141,Sri Srinivasa properties vijayawada,,,Uploaded CSV,"Kodalivari street, Enikepadu, Prasadampadu, Andhra Pradesh 521108",New,,Real estate consultant,,False,True,,,,,,0,,Email,New,,,,,Medium,Scheduled
L-1142,ANJANEYA TOWNSHIP,,,Uploaded CSV,"Edupugallu, Vijayawada, Andhra Pradesh 521151",New,,Condominium complex,,False,True,,,,,,0,,Email,New,,,,,Medium,Scheduled
L-1143,Sree City Kubera,,,Uploaded CSV,"Advaita Homes, Nunna Rd, beside Will Abodes, Nunna, Vijayawada, Andhra Pradesh 521212",New,,Real Estate Builders & Construction Company,,False,True,,,,,,0,,Email,New,,,,,Medium,Scheduled
L-1144,SRI MAHATHI REAL ESTATE,083286 61616,,Uploaded CSV,"D, no_8-17kanuru, opposite Sri vijayalakshmi theater, Endowments Colony, Chalasani Nagar, Kanuru, Andhra Pradesh 520007",New,,Real estate agent,,False,True,,,,,,0,,Phone,New,,,,,Medium,Scheduled
L-1145,Sri Sai Pragathi,0866 297 2933,,Uploaded CSV,"Door no:40-1/1-25/1, Sri Nilayam, Sri, Nara Chandra Babu Naidu Colony Rd, Patamatalanka, Benz Circle, Vijayawada, Andhra Pradesh 520010",New,,Real Estate Builders & Construction Company,,False,True,,,,,,0,,Phone,New,,,,,Medium,Scheduled
L-1146,Lucky Property's Vijayawada,085558 92078,,Uploaded CSV,"Ballem Vari St, Ramavarapadu, Ramavarappadu, Andhra Pradesh 521108",New,,Real Estate Builders & Construction Company,,False,True,,,,,,0,,Phone,New,,,,,Medium,Scheduled
L-1147,HRT Builders Office Vijayawada | Andhra Pradesh,,,Uploaded CSV,"27-33-6, Gudavalli Vari St, Governor Peta, Vijayawada, Andhra Pradesh 520002",New,,Real Estate Builders & Construction Company,,False,True,,,,,,0,,Email,New,,,,,Medium,Scheduled
L-1148,Amaravathi properties,073066 93889,,Uploaded CSV,"Macahavaram, Vijayawada, Andhra Pradesh 520004",New,,Real estate agency,https://amaravathiproperti8.wixsite.com/plots-kaza-nh,False,True,,,,,,0,,Phone,New,,,,,Medium,Scheduled
L-1149,Ramu real estate vijayawada,088860 93195,,Uploaded CSV,"Devi Nagar, Rama Krishna Puram, Vijayawada, Andhra Pradesh 520003",New,,Real estate agency,http://vijayawadaland.blogspot.in/,False,True,,,,,,0,,Phone,New,,,,,Medium,Scheduled
L-1150,Anjani Properties|Real Estate Vijayawada|Avocado farm land|Mahogany farm land|Sandalwood farm land for sale in A P,098484 08855,,Uploaded CSV,"DR NO, 36-12-2, SECOND LINE, opp. MADHU KALYANAMANDAPAM, Mogalrajapuram, Shanti Nagar, Christurajupuram, Vijayawada, Andhra Pradesh 520010",New,,Real estate agent,http://www.anjaniproperties.com/,False,False,,,,,,0,,Phone,New,,,,,Medium,Scheduled
L-1151,Amaravati properties,077022 67799,,Uploaded CSV,"Giri Sai Towers, F 3 Second Floor Opp:Malabar Jewellery, MG Rd, Vijayawada, Andhra Pradesh 520010",New,,Real estate agent,http://www.amaravatiprop.com/,False,False,,,,,,0,,Phone,New,,,,,Medium,Scheduled
L-1152,All Is Well Properties & Constructions,098488 61113,,Uploaded CSV,"Maruthi Co-operative Colony, Door No:59A-8/8-8, 2, Rd No. 3, Patamata, Vijayawada, Andhra Pradesh 520008",New,,Real Estate Builders & Construction Company,https://alliswellproperties.com/,False,False,,,,,,0,,Phone,New,,,,,Medium,Scheduled
L-1153,Myproperty.homes – Real Estate Agency Vijayawada,096767 31119,,Uploaded CSV,"Benz circle, plot no 22, Sai Nagar, Kala Nagar, Acharya Ranga Nagar, Vijayawada, Andhra Pradesh 520010",New,,Real estate consultant,https://myproperty.homes/,False,False,,,,,,0,,Phone,New,,,,,Medium,Scheduled
L-1154,Satyamsai Real Estate,070328 36799,,Uploaded CSV,"No.1, H, No.14, P&T, Colony-3, 56-10-37, Road, near, Panta Kaluva Rd, Patamata, Vijayawada, Andhra Pradesh 520010",New,,Real estate consultant,https://www.satyamsairealestates.in/,False,False,,,,,,0,,Phone,New,,,,,Medium,Scheduled
L-1155,Realty Vijayawada | real estate vijayawada |real estate agent in vijayawada,073824 65555,,Uploaded CSV,"23-5-19, Vandanapuvari St, near Babu Rao Building, Satyaranayana Puram, Vijayawada, Andhra Pradesh 520011",New,,Real estate agent,http://www.realtyvijayawada.com/,False,False,,,,,,0,,Phone,New,,,,,Medium,Scheduled
L-1156,Goproperties,081259 41919,,Uploaded CSV,"Isprout building, 40-14-8/2, near jyothi convention hall, Patamatalanka, Benz Circle, Vijayawada, Andhra Pradesh 520010",New,,Real estate consultant,https://walkestate.com/,False,False,,,,,,0,,Phone,New,,,,,Medium,Scheduled
L-1157,Square Yards - Vijaywada,1800 208 3344,,Uploaded CSV,"4th floor, Lalitha Jewelers, Polyclinic Rd, Kedareswarapeta, Siddhartha Nagar, Benz Circle, Vijayawada, Andhra Pradesh 520010",New,,Real estate agent,https://www.squareyards.com/vijayawada-real-estate,False,False,,,,,,0,,Phone,New,,,,,Medium,Scheduled
L-1158,Sai Properties & Projects Ltd,092464 75668,,Uploaded CSV,"74-26-2/2, Boppana Venkatappaiah St, Ayyappa Nagar, Vijayawada, Andhra Pradesh 520007",New,,Real estate agency,https://redsandalspp.com/,False,False,,,,,,0,,Phone,New,,,,,Medium,Scheduled
L-1159,Sun Siri Projects Pvt. Ltd.,099341 21212,,Uploaded CSV,"Vijayanagar Colony, Patamata, D.NO: 59A-21-3/2A, Vijayawada, Andhra Pradesh 520007",New,,Real Estate Builders & Construction Company,https://sunsiri.in/,False,False,,,,,,0,,Phone,New,,,,,Medium,Scheduled
L-1160,Sri Jagannath Real Estates,083675 38888,,Uploaded CSV,"Flat no 503, Ganga block, Acharya N.G. Ranga St, near appaiah, Gollapudi, Andhra Pradesh 521225",New,,Real Estate Builders & Construction Company,http://www.srijagannathaestates.com/,False,False,,,,,,0,,Phone,New,,,,,Medium,Scheduled
L-1161,"Posam Infra - Best Real Estate Builders, Construction & Venture developers in Vijayawada | Open Plots & flats sale Vijayawada",098517 66666,,Uploaded CSV,"Lotus Heights, 56-6-5/5, Plot #21, Panta Kaluva Rd, Maruthi Nagar, Patamata, Vijayawada, Andhra Pradesh 520010",New,,Real Estate Builders & Construction Company,https://posaminfra.com/,False,False,,,,,,0,,Phone,New,,,,,Medium,Scheduled
L-1162,Srikanth Real Estate. Vijayawada,083414 59346,,Uploaded CSV,"opposite Sai baba Temple, Andhra Prabha Colony, Ajit Singh Nagar, PNT Colony, Vijayawada, Andhra Pradesh 520015",New,,Real Estate Builders & Construction Company,https://www.realestatet.com/,False,False,,,,,,0,,Phone,New,,,,,Medium,Scheduled
L-1163,Real Estate Ventures Vijayawada,086868 54451,,Uploaded CSV,"D.no.5-131, opp. Jabilli Hospital, Patamatalanka, Poranki, Vijayawada, Andhra Pradesh 521137",New,,Real Estate Builders & Construction Company,http://vijayawadaproperties.com/,False,False,,,,,,0,,Phone,New,,,,,Medium,Scheduled
L-1164,Real Home Projects,,,Uploaded CSV,"30, 6-95, Jammi Chettu Center, Moghalrajpuram, Shanti Nagar, Labbipet, Vijayawada, Andhra Pradesh 520010",New,,Real estate agency,http://www.realhome.in/,False,False,,,,,,0,,Email,New,,,,,Medium,Scheduled
L-1165,సొంతఇల్లు. com,092464 12213,,Uploaded CSV,"60-17-7, Siddhartha Nagar, Vijayawada, Andhra Pradesh 520010",New,,Industrial real estate agency,https://sonthillu.com/,False,False,,,,,,0,,Phone,New,,,,,Medium,Scheduled
L-1166,KEERTHI REALTORS & INFRA,074166 44667,,Uploaded CSV,"2/1, 59A-21, Polyclinic road, near Anuradha, Vijayanagar Colony, Auto Nagar, Kanuru, Andhra Pradesh 520007",New,,Real estate consultant,https://keerthirealtors.in/,False,False,,,,,,0,,Phone,New,,,,,Medium,Scheduled
L-1167,Evergreens Group,093910 09327,,Uploaded CSV,"No.59/A-21/5-25, Gokaley House D, 2nd floor, Guru Nanak Colony Road, Auto Nagar, Vijayawada, Andhra Pradesh 520008",New,,Real Estate Builders & Construction Company,https://evergreensgroup.com/,False,False,,,,,,0,,Phone,New,,,,,Medium,Scheduled
L-1168,My tolet Vijayawada,,,Uploaded CSV,"Madhu Gardens, 2nd floor Sri Lakshmi towers, Dr kilaru Buchi Babu street, Mogalrajapuram, Shanti Nagar, Vijayawada, Andhra Pradesh 520010",New,,Real estate consultant,https://mytoletindia.com/,False,False,,,,,,0,,Email,New,,,,,Medium,Scheduled
L-1169,SRIKARA SPACES AND STRUCTURES | Best real estate company in Vijayawada,,,Uploaded CSV,"2nd floor, siva complex, Door no:- 59, a-20-3/2a, Guru Nanak Colony Road, Vasavi Nagar, Vijayawada, Andhra Pradesh 520008",New,,Real Estate Builders & Construction Company,https://srikarainfra.com/,False,False,,,,,,0,,Email,New,,,,,Medium,Scheduled
L-1170,Harivillu Group of Companies,,,Uploaded CSV,"59A-21/1-3A, State Bank Colony, Benz Circle, Vijayawada, Andhra Pradesh 520007",New,,Commercial real estate agency,https://harivilluventures.com/,False,False,,,,,,0,,Email,New,,,,,Medium,Scheduled
L-1171,PR Possessions,092926 00202,,Uploaded CSV,"42-85-18, Ajit Singh Nagar, PNT Colony, Payikapuram, Andhra Pradesh 520015",New,,Real estate consultant,https://sites.google.com/view/redsandalwood/home,False,False,,,,,,0,,Phone,New,,,,,Medium,Scheduled
L-1172,Harivillu Vijayawada (Open Plots Sale),,,Uploaded CSV,"Panta Kaluva Rd, PNT Colony, Vijayawada, Andhra Pradesh 520010",New,,Real estate developer,https://harivilluvijayawada.com/,False,False,,,,,,0,,Email,New,,,,,Medium,Scheduled
L-1173,Sri Bhramara Marketing,095028 09090,,Uploaded CSV,"Patamata, Bharathi Nagar, Vijayawada, Andhra Pradesh 520010",New,,Real estate developer,https://sribhramara.com/,False,False,,,,,,0,,Phone,New,,,,,Medium,Scheduled
L-1174,ADURI GROUP - VIJAYAWADA BRANCH,,,Uploaded CSV,"1ST FLOOR, TRENDSET MALL, Sai Nagar, Kala Nagar, Acharya Ranga Nagar, Vijayawada, Andhra Pradesh 520010",New,,Real estate developer,http://www.adurigroup.com/,False,False,,,,,,0,,Email,New,,,,,Medium,Scheduled
L-1175,Latha Rental Agency,,,Uploaded CSV,"Second floor, Sri Santhoshi Sadan, D.NO.59-7-18/3, Acharya Ranga Rd, Gayatri Nagar, Krishna Nagar, Vijayawada, Andhra Pradesh 520008",New,,Commercial real estate agency,https://www.easyrent.com/,False,False,,,,,,0,,Email,New,,,,,Medium,Scheduled
L-1176,KMV Vivaan - Premium luxury Villas Vijayawada,1800 843 3456,,Uploaded CSV,"100 Feet Rd, Tadigadapa, Enikepadu, Poranki, Andhra Pradesh 521104",New,,Housing complex,https://www.kmvspaces.com/,False,False,,,,,,0,,Phone,New,,,,,Medium,Scheduled
L-1177,PRIME Living Shantiniketan,,,Uploaded CSV,"Tadepalli, Vijayawada - Guntur NH16, Vijayawada, Andhra Pradesh 522501",New,,Condominium complex,http://www.primeliving.in/,False,False,,,,,,0,,Email,New,,,,,Medium,Scheduled
L-1178,The Butterfly Luxury Serviced Apartments - Property 2 - Vijayawada (Near Benz Circle),080085 88871,,Uploaded CSV,"59-7-2, Acharya Ranga Rd, beside Brew Buzz Coffee Shop, Panpana, 2nd Ln, Krishna Nagar, Vijayawada, Andhra Pradesh 520010",New,,,https://www.butterflyservicedapartments.com/,False,False,,,,,,0,,Phone,New,,,,,Medium,Scheduled
L-1179,Sri Vyshnavi Estates & Infra Projects Pvt Ltd(Vijayawada),093393 33666,,Uploaded CSV,"Ballem Vari St, Enikepadu, Ramavarappadu, Andhra Pradesh 521108",New,,Real estate developer,http://www.svhe.in/,False,False,,,,,,0,,Phone,New,,,,,Medium,Scheduled
L-1180,"Nabhasya Group - Construction, Interiors, Real Estate Marketing.",076758 47907,,Uploaded CSV,"76/14/238A, Vasavi, Kalyanamandapam Rd, Bhavanipuram, Housing Board Colony, Vijayawada, Andhra Pradesh 520012",New,,Real estate agent,https://nabhasyarealtors.com/,False,False,,,,,,0,,Phone,New,,,,,Medium,Scheduled
L-1181,Remax Properties Plus,0866 248 1299,,Uploaded CSV,"Shop No. 40-27-6/7, 2nd Floor, Pinnamaneni Polyclinic Rd, Municipal Employees Colony, Benz Circle, Vijayawada, Andhra Pradesh 520010",New,,Real estate agency,http://www.remax.in/OfficeProfile.aspx?OfficeID=512023,False,False,,,,,,0,,Phone,New,,,,,Medium,Scheduled
L-1182,The Cowork Spaces - Vijayawada ( Office spaces | Meeting rooms ),,,Uploaded CSV,"Corporate Centre, MG Road, Main, Road, beside Chandana Grand, Brindavan Colony, Vijayawada, Andhra Pradesh 520010",New,,Coworking space,https://thecoworkspaces.com/,False,False,,,,,,0,,Email,New,,,,,Medium,Scheduled
L-1183,"The Butterfly Luxury Serviced Apartments - Property 1, Sri Ramachandra Nagar (Mahanadu Road), Vijayawada - 520008",,,Uploaded CSV,"B&B Landmark, 48-16/11/6A, Mahanadu Rd, opp. Kesineni Admin. Office, Sri Ramachandra Nagar, Kanuru, Andhra Pradesh 520008",New,,,http://www.butterflyservicedapartments.com/,False,False,,,,,,0,,Email,New,,,,,Medium,Scheduled
L-1184,Vijayawada Rentals & Real Estate,070135 91862,,Uploaded CSV,"ASN nilayam, Gayatri Rd, Ramalingeswara Nagar, Vijayawada, Andhra Pradesh 520013",New,,Real Estate Builders & Construction Company,https://whatsapp.com/channel/0029VaK0tWh9Bb600jHUtV2u,True,False,,,,,,0,,Phone,New,,,,,Medium,Scheduled
L-1185,The Capital Properties Open Plots Vijayawada,090520 00555,,Uploaded CSV,"Dr No:, 29-6-6/1, Kaleswararao Rd, Beside Central Bank Of India, Governor Peta, Vijayawada, Andhra Pradesh 520002",New,,Real Estate Builders & Construction Company,https://wa.me/919052000555,True,False,,,,,,0,,Phone,New,,,,,Medium,Scheduled
